"Alabaster, Alabama"
"Auburn, Alabama"
"Birmingham, Alabama"
"Decatur, Alabama"
"Dothan, Alabama"
"Florence, Alabama"
"Gadsden, Alabama"
"Hoover, Alabama"
"Huntsville, Alabama"
"Madison, Alabama"
"Mobile, Alabama"
"Montgomery, Alabama"
"Phenix City, Alabama"
"Prattville, Alabama"
"Tanner-Williams, Alabama"
"Tri-Cities, Alabama"
"Tuscaloosa, Alabama"
"Vestavia Hills, Alabama"
"Anchorage, Alaska"
"Fairbanks, Alaska"
"Juneau, Alaska"
"Apache Junction, Arizona"
"Arivaca, Arizona"
"Avondale, Arizona"
"Buckeye, Arizona"
"Bullhead City, Arizona"
"Casa Grande, Arizona"
"Casas Adobes, Arizona"
"Catalina Foothills, Arizona"
"Chandler, Arizona"
"Coconino, Arizona"
"Deer Valley, Arizona"
"El Mirage, Arizona"
"Flagstaff, Arizona"
"Gilbert, Arizona"
"Glendale, Arizona"
"Goodyear, Arizona"
"Lake Havasu City, Arizona"
"Marana, Arizona"
"Maricopa, Arizona"
"Mesa, Arizona"
"Mingus Mountain, Arizona"
"North Pinal, Arizona"
"Oro Valley, Arizona"
"Peoria, Arizona"
"Phoenix, Arizona"
"Prescott Valley, Arizona"
"Prescott, Arizona"
"Queen Creek, Arizona"
"San Luis, Arizona"
"San Tan Valley, Arizona"
"Scottsdale, Arizona"
"Sierra Vista, Arizona"
"Sun City, Arizona"
"Surprise, Arizona"
"Tempe, Arizona"
"Tucson, Arizona"
"Verde, Arizona"
"Yuma, Arizona"
"Bentonville, Arkansas"
"Benton, Arkansas"
"Conway, Arkansas"
"Fayetteville, Arkansas"
"Fort Smith, Arkansas"
"Hot Springs, Arkansas"
"Jonesboro, Arkansas"
"Little Rock, Arkansas"
"North Little Rock, Arkansas"
"Pine Bluff, Arkansas"
"Rogers, Arkansas"
"Sherwood, Arkansas"
"Springdale, Arkansas"
"Texarkana, Arkansas"
"Adelanto, California"
"Alameda, California"
"Alhambra, California"
"Aliso Viejo, California"
"Altadena, California"
"Anaheim, California"
"Antelope, California"
"Antioch, California"
"Apple Valley, California"
"Arcadia, California"
"Arden-Arcade, California"
"Azusa, California"
"Bakersfield, California"
"Baldwin Park, California"
"Banning, California"
"Beaumont, California"
"Bell Gardens, California"
"Bellflower, California"
"Bell, California"
"Berkeley, California"
"Beverly Hills, California"
"Brea, California"
"Brentwood, California"
"Buena Park, California"
"Burbank, California"
"Burlingame, California"
"Calexico, California"
"Camarillo, California"
"Campbell, California"
"Carlsbad, California"
"Carmichael, California"
"Carson, California"
"Castro Valley, California"
"Cathedral City, California"
"Central Coast, California"
"Central Contra Costa, California"
"Ceres, California"
"Cerritos, California"
"Chico, California"
"Chino Hills, California"
"Chino, California"
"Chula Vista, California"
"Citrus Heights, California"
"Claremont, California"
"Clovis, California"
"Coachella Valley, California"
"Coachella, California"
"Colton, California"
"Compton, California"
"Concord, California"
"Corona, California"
"Costa Mesa, California"
"Covina, California"
"Culver City, California"
"Cupertino, California"
"Cypress, California"
"Daly City, California"
"Dana Point, California"
"Danville, California"
"Davis, California"
"Delano, California"
"Diamond Bar, California"
"Downey, California"
"Dublin, California"
"East Contra Costa, California"
"East Kern, California"
"East Los Angeles, California"
"East San Gabriel Valley, California"
"East Yolo, California"
"Eastvale, California"
"El Cajon, California"
"El Centro, California"
"El Dorado Hills, California"
"El Monte, California"
"El Paso de Robles (Paso Robles), California"
"El Toro, California"
"Elk Grove, California"
"Elsinore Valley, California"
"Encinitas, California"
"Escondido, California"
"Fair Oaks, California"
"Fairfield, California"
"Fallbrook, California"
"Florence-Graham, California"
"Florin, California"
"Folsom, California"
"Fontana, California"
"Foothill Farms, California"
"Foster City, California"
"Fountain Valley, California"
"Fremont, California"
"Fresno, California"
"Fullerton, California"
"Garden Grove, California"
"Gardena, California"
"Gilroy, California"
"Glendale, California"
"Glendora, California"
"Goleta, California"
"Hacienda Heights, California"
"Hanford, California"
"Hawthorne, California"
"Hayward, California"
"Hemet, California"
"Hesperia, California"
"Highland, California"
"Hollister, California"
"Huntington Beach, California"
"Huntington Park, California"
"Indio, California"
"Inglewood, California"
"Irvine, California"
"Jurupa, California"
"La Habra, California"
"La Mesa, California"
"La Mirada, California"
"La Presa, California"
"La Puente, California"
"La Quinta, California"
"La Verne, California"
"Laguna Hills, California"
"Laguna Niguel, California"
"Laguna, California"
"Lake Elsinore, California"
"Lake Forest, California"
"Lakewood, California"
"Lancaster, California"
"Lawndale, California"
"Lincoln, California"
"Livermore, California"
"Lodi, California"
"Lompoc Valley, California"
"Lompoc, California"
"Long Beach, California"
"Loomis Basin-Folsom Lake, California"
"Los Altos, California"
"Los Angeles, California"
"Los Banos, California"
"Los Gatos, California"
"Lynwood, California"
"Madera, California"
"Manhattan Beach, California"
"Manteca, California"
"Martinez, California"
"Mather, California"
"Menifee, California"
"Menlo Park, California"
"Merced, California"
"Milpitas, California"
"Mission Viejo, California"
"Modesto, California"
"Monrovia, California"
"Montclair, California"
"Montebello, California"
"Monterey Park, California"
"Moorpark, California"
"Moreno Valley, California"
"Morgan Hill, California"
"Mountain View, California"
"Murrieta, California"
"Napa, California"
"National City, California"
"Newark, California"
"Newhall, California"
"Newport Beach, California"
"North Antelope Valley, California"
"North Coast, California"
"North El Dorado, California"
"North Highlands, California"
"Northeast Marin, California"
"Norwalk, California"
"Novato, California"
"Oakhurst-North Fork, California"
"Oakland, California"
"Oakley, California"
"Oceanside, California"
"Oildale, California"
"Ontario, California"
"Orangevale, California"
"Orange, California"
"Oxnard, California"
"Pacifica, California"
"Palm Desert, California"
"Palm Springs, California"
"Palmdale, California"
"Palo Alto, California"
"Palos Verdes, California"
"Paramount, California"
"Parkway-South Sacramento, California"
"Pasadena, California"
"Paso Robles, California"
"Pendleton, California"
"Perris Valley, California"
"Perris, California"
"Petaluma, California"
"Pico Rivera, California"
"Pittsburg, California"
"Placentia, California"
"Pleasant Hill, California"
"Pleasanton, California"
"Pomona, California"
"Porterville, California"
"Poway, California"
"Rancho Cordova, California"
"Rancho Cucamonga, California"
"Rancho Palos Verdes, California"
"Rancho Santa Margarita, California"
"Redding, California"
"Redlands, California"
"Redondo Beach, California"
"Redwood City, California"
"Rialto, California"
"Richmond, California"
"Riverside, California"
"Rocklin, California"
"Rohnert Park, California"
"Rosemead, California"
"Roseville, California"
"Ross Valley, California"
"Rowland Heights, California"
"Rubidoux, California"
"Sacramento, California"
"Salinas, California"
"San Bernardino, California"
"San Bruno, California"
"San Buenaventura (Ventura), California"
"San Clemente, California"
"San Diego, California"
"San Dimas, California"
"San Francisco, California"
"San Gabriel, California"
"San Gorgonio Pass, California"
"San Jacinto, California"
"San Jose, California"
"San Juan Capistrano, California"
"San Leandro, California"
"San Luis Obispo, California"
"San Marcos, California"
"San Mateo, California"
"San Pablo, California"
"San Rafael, California"
"San Ramon, California"
"Santa Ana, California"
"Santa Barbara, California"
"Santa Clara, California"
"Santa Clarita, California"
"Santa Cruz, California"
"Santa Maria Valley, California"
"Santa Maria, California"
"Santa Monica, California"
"Santa Paula, California"
"Santa Rosa, California"
"Santee, California"
"Saratoga, California"
"Seaside, California"
"Simi Valley, California"
"South Antelope Valley, California"
"South Bay Cities, California"
"South Coast, California"
"South El Dorado, California"
"South Gate, California"
"South San Francisco, California"
"South Whittier, California"
"Southeast Marin, California"
"Southwest San Gabriel Valley, California"
"Stanton, California"
"Stockton, California"
"Sunnyvale, California"
"Temecula, California"
"Temple City, California"
"Thousand Oaks, California"
"Torrance, California"
"Trabuco, California"
"Tracy, California"
"Tulare, California"
"Turlock, California"
"Tustin, California"
"Union City, California"
"Upland, California"
"Upper San Gabriel Valley, California"
"Vacaville, California"
"Vallejo, California"
"Ventura, California"
"Victorville, California"
"Visalia, California"
"Vista, California"
"Walnut Creek, California"
"Walnut, California"
"Watsonville, California"
"West Contra Costa, California"
"West Covina, California"
"West Hollywood, California"
"West Sacramento, California"
"Westminster, California"
"Westmont, California"
"Westside, California"
"Whittier, California"
"Wildomar, California"
"Willowbrook, California"
"Woodland, California"
"Yorba Linda, California"
"Yuba City, California"
"Yucaipa, California"
"Arvada, Colorado"
"Aurora, Colorado"
"Black Forest-Peyton, Colorado"
"Boulder, Colorado"
"Brighton, Colorado"
"Broomfield, Colorado"
"Castle Rock, Colorado"
"Centennial, Colorado"
"Colorado Springs, Colorado"
"Commerce City, Colorado"
"Dakota Ridge, Colorado"
"Denver, Colorado"
"Elsmere, Colorado"
"Englewood, Colorado"
"Fort Collins, Colorado"
"Grand Junction, Colorado"
"Greeley, Colorado"
"Highlands Ranch, Colorado"
"Ken Caryl, Colorado"
"Lakewood, Colorado"
"Littleton, Colorado"
"Longmont, Colorado"
"Loveland, Colorado"
"North Aurora, Colorado"
"Northeast Jefferson, Colorado"
"Northglenn, Colorado"
"Parker, Colorado"
"Pueblo, Colorado"
"Security-Widefield, Colorado"
"South Aurora, Colorado"
"Southglenn, Colorado"
"Southwest Arapahoe, Colorado"
"Thornton, Colorado"
"West Adams, Colorado"
"Westminster, Colorado"
"Wheat Ridge, Colorado"
"Bridgeport, Connecticut"
"Bristol, Connecticut"
"Central Manchester, Connecticut"
"Danbury, Connecticut"
"East Hartford, Connecticut"
"Enfield, Connecticut"
"Fairfield, Connecticut"
"Glastonbury, Connecticut"
"Greenwich, Connecticut"
"Hamden, Connecticut"
"Hartford, Connecticut"
"Manchester, Connecticut"
"Meriden, Connecticut"
"Middletown, Connecticut"
"Milford, Connecticut"
"Naugatuck, Connecticut"
"New Britain, Connecticut"
"New Haven, Connecticut"
"Newington, Connecticut"
"Norwalk, Connecticut"
"Norwich, Connecticut"
"Shelton, Connecticut"
"Southington, Connecticut"
"Stamford, Connecticut"
"Stratford, Connecticut"
"Torrington, Connecticut"
"Trumbull, Connecticut"
"Wallingford, Connecticut"
"Waterbury, Connecticut"
"West Hartford, Connecticut"
"West Haven, Connecticut"
"Brandywine, Delaware"
"Central Pencader, Delaware"
"Dover, Delaware"
"Greater Newark, Delaware"
"Lower Christiana, Delaware"
"Newark, Delaware"
"Piedmont, Delaware"
"Pike Creek-Central Kirkwood, Delaware"
"Wilmington, Delaware"
"Alafaya, Florida"
"Altamonte Springs, Florida"
"Apopka, Florida"
"Aventura, Florida"
"Boca Ciega, Florida"
"Boca Raton, Florida"
"Bonita Springs, Florida"
"Boynton Beach, Florida"
"Bradenton, Florida"
"Brandon, Florida"
"Cantonment, Florida"
"Cape Coral, Florida"
"Carol City, Florida"
"Carrollwood, Florida"
"Central Pasco, Florida"
"Citrus Park-Fern Lake, Florida"
"Clearwater, Florida"
"Clermont, Florida"
"Coconut Creek, Florida"
"Cooper City, Florida"
"Coral Gables, Florida"
"Coral Springs, Florida"
"Country Club, Florida"
"Cutler Bay, Florida"
"Davie, Florida"
"Daytona Beach, Florida"
"Deerfield Beach, Florida"
"Delray Beach, Florida"
"Deltona, Florida"
"Doral, Florida"
"Dunedin, Florida"
"East Lake, Florida"
"East Leon, Florida"
"Egypt Lake-Leto, Florida"
"Fort Lauderdale, Florida"
"Fort Myers, Florida"
"Fort Pierce, Florida"
"Fountainbleau, Florida"
"Gainesville, Florida"
"Golden Glades, Florida"
"Greater Carrollwood, Florida"
"Greenacres, Florida"
"Gulf Breeze-Harold, Florida"
"Gulf Gate-Osprey, Florida"
"Hallandale Beach, Florida"
"Hallandale, Florida"
"Hialeah, Florida"
"Hollywood, Florida"
"Homestead, Florida"
"Interior County, Florida"
"Jacksonville, Florida"
"Jupiter, Florida"
"Kendale Lakes-Lindgren Acres, Florida"
"Kendale Lakes, Florida"
"Kendall West, Florida"
"Kendall-Perrine, Florida"
"Kendall, Florida"
"Kissimmee, Florida"
"Lake Worth, Florida"
"Lakeland, Florida"
"Lakeside, Florida"
"Land O' Lakes, Florida"
"Largo, Florida"
"Lauderdale Lakes, Florida"
"Lauderhill, Florida"
"Lehigh Acres, Florida"
"Margate, Florida"
"Melbourne, Florida"
"Merritt Island, Florida"
"Miami Beach, Florida"
"Miami Lakes, Florida"
"Miami, Florida"
"Middleburg-Clay Hill, Florida"
"Miramar, Florida"
"Navarre, Florida"
"North Fort Myers, Florida"
"North Lauderdale, Florida"
"North Miami Beach, Florida"
"North Miami, Florida"
"North Peninsula, Florida"
"North Port, Florida"
"North Westside, Florida"
"Northeast Leon, Florida"
"Northwest Dade, Florida"
"Oakland Park, Florida"
"Ocala, Florida"
"Ocoee, Florida"
"Orlando, Florida"
"Ormond Beach, Florida"
"Oviedo, Florida"
"Palm Bay, Florida"
"Palm Beach Gardens, Florida"
"Palm Coast, Florida"
"Palm Harbor, Florida"
"Panama City, Florida"
"Pembroke Pines, Florida"
"Pensacola, Florida"
"Pine Hills, Florida"
"Pinellas Park, Florida"
"Plant City, Florida"
"Plantation, Florida"
"Poinciana, Florida"
"Pompano Beach, Florida"
"Ponte Vedra, Florida"
"Port Charlotte, Florida"
"Port Orange, Florida"
"Port St. Lucie, Florida"
"Richmond West, Florida"
"Riverview, Florida"
"Riviera Beach, Florida"
"Royal Palm Beach-West Jupiter, Florida"
"Royal Palm Beach, Florida"
"Sanford, Florida"
"Sarasota, Florida"
"South Miami Heights, Florida"
"South Westside, Florida"
"Southwest Orange, Florida"
"Spring Hill, Florida"
"St. Cloud, Florida"
"St. Petersburg, Florida"
"Sunrise, Florida"
"Sunshine Parkway, Florida"
"Tallahassee, Florida"
"Tamarac, Florida"
"Tamiami, Florida"
"Tampa, Florida"
"The Acreage, Florida"
"The Hammocks, Florida"
"The Villages, Florida"
"Titusville, Florida"
"Town 'n' Country, Florida"
"University, Florida"
"Valrico, Florida"
"Wellington, Florida"
"Wesley Chapel, Florida"
"West Little River, Florida"
"West Palm Beach, Florida"
"Weston, Florida"
"Wimauma-Lithia, Florida"
"Winter Garden, Florida"
"Winter Haven, Florida"
"Winter Springs, Florida"
"Albany, Georgia"
"Alpharetta, Georgia"
"Athens-Clarke County, Georgia"
"Athens, Georgia"
"Atlanta, Georgia"
"Augusta-Richmond County, Georgia"
"Augusta, Georgia"
"Big Creek, Georgia"
"Bill Arp, Georgia"
"Columbus, Georgia"
"Dacula-Rocky Creek, Georgia"
"Dalton, Georgia"
"Douglasville, Georgia"
"Dunwoody, Georgia"
"East Dougherty, Georgia"
"East Point, Georgia"
"Gainesville, Georgia"
"Gracewood, Georgia"
"Hinesville, Georgia"
"Johns Creek, Georgia"
"Kennesaw, Georgia"
"LaGrange, Georgia"
"Lawrenceville, Georgia"
"Mableton, Georgia"
"Macon, Georgia"
"Marietta, Georgia"
"Martinez, Georgia"
"Milton, Georgia"
"Newnan, Georgia"
"North Atlanta, Georgia"
"Northeast Cobb, Georgia"
"Peachtree City, Georgia"
"Pooler-Burroughs, Georgia"
"Redan, Georgia"
"Rome, Georgia"
"Roswell, Georgia"
"Sandy Springs, Georgia"
"Savannah, Georgia"
"Smyrna, Georgia"
"Statesboro, Georgia"
"Valdosta, Georgia"
"Warner Robins, Georgia"
"West Dougherty, Georgia"
"East Honolulu, Hawaii"
"Ewa, Hawaii"
"Hilo, Hawaii"
"Honolulu, Hawaii"
"Kaneohe, Hawaii"
"Koolaupoko, Hawaii"
"North Kona, Hawaii"
"Pearl City, Hawaii"
"Urban Honolulu, Hawaii"
"Waipahu, Hawaii"
"Boise, Idaho"
"Caldwell, Idaho"
"Coeur d'Alene, Idaho"
"Idaho Falls, Idaho"
"Lewiston, Idaho"
"Meridian, Idaho"
"Nampa, Idaho"
"Pocatello, Idaho"
"Twin Falls, Idaho"
"Addison, Illinois"
"Algonquin, Illinois"
"Arlington Heights, Illinois"
"Aurora, Illinois"
"Bartlett, Illinois"
"Belleville, Illinois"
"Berwyn, Illinois"
"Bloomington, Illinois"
"Bolingbrook, Illinois"
"Buffalo Grove, Illinois"
"Calumet City, Illinois"
"Carol Stream, Illinois"
"Carpentersville, Illinois"
"Champaign, Illinois"
"Chicago Heights, Illinois"
"Chicago, Illinois"
"Cicero, Illinois"
"Crystal Lake, Illinois"
"Danville, Illinois"
"DeKalb, Illinois"
"Decatur, Illinois"
"Des Plaines, Illinois"
"Downers Grove, Illinois"
"Elgin, Illinois"
"Elk Grove Village, Illinois"
"Elmhurst, Illinois"
"Evanston, Illinois"
"Galesburg, Illinois"
"Glendale Heights, Illinois"
"Glenview, Illinois"
"Gurnee, Illinois"
"Hanover Park, Illinois"
"Hoffman Estates, Illinois"
"Joliet, Illinois"
"Lombard, Illinois"
"Moline, Illinois"
"Mount Prospect, Illinois"
"Mundelein, Illinois"
"Naperville, Illinois"
"Niles, Illinois"
"Normal, Illinois"
"North Chicago, Illinois"
"Northbrook, Illinois"
"Oak Lawn, Illinois"
"Oak Park, Illinois"
"Orland Park, Illinois"
"Oswego, Illinois"
"Palatine, Illinois"
"Park Ridge, Illinois"
"Pekin, Illinois"
"Peoria, Illinois"
"Plainfield, Illinois"
"Quincy, Illinois"
"Rock Island, Illinois"
"Rockford, Illinois"
"Romeoville, Illinois"
"Schaumburg, Illinois"
"Skokie, Illinois"
"Springfield, Illinois"
"St. Charles, Illinois"
"Streamwood, Illinois"
"Tinley Park, Illinois"
"Urbana, Illinois"
"Waukegan, Illinois"
"Wheaton, Illinois"
"Wheeling, Illinois"
"Woodridge, Illinois"
"Anderson, Indiana"
"Bloomington, Indiana"
"Carmel, Indiana"
"Columbus, Indiana"
"Elkhart, Indiana"
"Evansville, Indiana"
"Fishers, Indiana"
"Fort Wayne, Indiana"
"Gary, Indiana"
"Goshen, Indiana"
"Granger, Indiana"
"Greenwood, Indiana"
"Hammond, Indiana"
"Indianapolis, Indiana"
"Jeffersonville, Indiana"
"Kokomo, Indiana"
"Lafayette, Indiana"
"Lawrence, Indiana"
"Merrillville, Indiana"
"Michigan City, Indiana"
"Mishawaka, Indiana"
"Muncie, Indiana"
"New Albany, Indiana"
"Noblesville, Indiana"
"Plainfield, Indiana"
"Portage, Indiana"
"Richmond, Indiana"
"South Bend, Indiana"
"Terre Haute, Indiana"
"Valparaiso, Indiana"
"West Lafayette, Indiana"
"Westfield, Indiana"
"Ames, Iowa"
"Ankeny, Iowa"
"Bettendorf, Iowa"
"Cedar Falls, Iowa"
"Cedar Rapids, Iowa"
"Council Bluffs, Iowa"
"Davenport, Iowa"
"Des Moines, Iowa"
"Dubuque, Iowa"
"Iowa City, Iowa"
"Marion, Iowa"
"Sioux City, Iowa"
"Urbandale, Iowa"
"Waterloo, Iowa"
"West Des Moines, Iowa"
"Hutchinson, Kansas"
"Kansas City, Kansas"
"Lawrence, Kansas"
"Leavenworth, Kansas"
"Leawood, Kansas"
"Lenexa, Kansas"
"Manhattan, Kansas"
"Olathe, Kansas"
"Overland Park, Kansas"
"Salina, Kansas"
"Shawnee, Kansas"
"Topeka, Kansas"
"Wichita, Kansas"
"Bowling Green, Kentucky"
"Covington, Kentucky"
"Fayette, Kentucky"
"Florence, Kentucky"
"Georgetown, Kentucky"
"Hopkinsville, Kentucky"
"Lexington-Fayette, Kentucky"
"Louisville, Kentucky"
"Owensboro, Kentucky"
"Richmond, Kentucky"
"Alexandria, Louisiana"
"Baton Rouge, Louisiana"
"Bossier City, Louisiana"
"Houma, Louisiana"
"Kenner, Louisiana"
"Lafayette, Louisiana"
"Lake Charles, Louisiana"
"Marrero, Louisiana"
"Metairie, Louisiana"
"Monroe, Louisiana"
"New Iberia, Louisiana"
"New Orleans, Louisiana"
"Shreveport, Louisiana"
"Bangor, Maine"
"Lewiston, Maine"
"Portland, Maine"
"Annapolis, Maryland"
"Aspen Hill, Maryland"
"Baltimore, Maryland"
"Bel Air North, Maryland"
"Bel Air South, Maryland"
"Bethesda, Maryland"
"Bowie, Maryland"
"Catonsville, Maryland"
"Chillum, Maryland"
"Clinton, Maryland"
"College Park, Maryland"
"Columbia, Maryland"
"Dundalk, Maryland"
"Eldersburg, Maryland"
"Ellicott City, Maryland"
"Essex, Maryland"
"Frederick, Maryland"
"Gaithersburg, Maryland"
"Germantown, Maryland"
"Glen Burnie, Maryland"
"Hagerstown, Maryland"
"Montgomery Village, Maryland"
"North Bethesda, Maryland"
"Odenton, Maryland"
"Olney, Maryland"
"Owings Mills, Maryland"
"Oxon Hill-Glassmanor, Maryland"
"Parkville, Maryland"
"Pikesville, Maryland"
"Potomac, Maryland"
"Randallstown, Maryland"
"Rockville, Maryland"
"Salisbury, Maryland"
"Severna Park, Maryland"
"Severn, Maryland"
"Silver Spring, Maryland"
"St. Charles, Maryland"
"Suitland-Silver Hill, Maryland"
"Towson, Maryland"
"Waldorf, Maryland"
"Wheaton-Glenmont, Maryland"
"Wheaton, Maryland"
"Woodlawn, Maryland"
"Amherst, Massachusetts"
"Arlington, Massachusetts"
"Attleboro, Massachusetts"
"Barnstable Town, Massachusetts"
"Beverly, Massachusetts"
"Billerica, Massachusetts"
"Boston, Massachusetts"
"Braintree Town, Massachusetts"
"Braintree, Massachusetts"
"Brockton, Massachusetts"
"Brookline, Massachusetts"
"Cambridge, Massachusetts"
"Chelmsford, Massachusetts"
"Chelsea, Massachusetts"
"Chicopee, Massachusetts"
"Dartmouth, Massachusetts"
"Everett, Massachusetts"
"Fall River, Massachusetts"
"Fitchburg, Massachusetts"
"Framingham, Massachusetts"
"Franklin Town, Massachusetts"
"Franklin, Massachusetts"
"Haverhill, Massachusetts"
"Holyoke, Massachusetts"
"Lawrence, Massachusetts"
"Leominster, Massachusetts"
"Lexington, Massachusetts"
"Lowell, Massachusetts"
"Lynn, Massachusetts"
"Malden, Massachusetts"
"Marlborough, Massachusetts"
"Medford, Massachusetts"
"Methuen, Massachusetts"
"Natick, Massachusetts"
"New Bedford, Massachusetts"
"Newton, Massachusetts"
"Peabody, Massachusetts"
"Pittsfield, Massachusetts"
"Quincy, Massachusetts"
"Randolph, Massachusetts"
"Revere, Massachusetts"
"Salem, Massachusetts"
"Shrewsbury, Massachusetts"
"Somerville, Massachusetts"
"Springfield, Massachusetts"
"Taunton, Massachusetts"
"Waltham, Massachusetts"
"Watertown, Massachusetts"
"Westfield, Massachusetts"
"Weymouth Town, Massachusetts"
"Weymouth, Massachusetts"
"Woburn, Massachusetts"
"Worcester, Massachusetts"
"Ann Arbor, Michigan"
"Battle Creek, Michigan"
"Bay City, Michigan"
"Bloomfield Township, Michigan"
"Canton, Michigan"
"Dearborn Heights, Michigan"
"Dearborn, Michigan"
"Detroit, Michigan"
"East Lansing, Michigan"
"Eastpointe, Michigan"
"Farmington Hills, Michigan"
"Flint, Michigan"
"Grand Rapids, Michigan"
"Holland, Michigan"
"Jackson, Michigan"
"Kalamazoo, Michigan"
"Kentwood, Michigan"
"Lansing, Michigan"
"Lincoln Park, Michigan"
"Livonia, Michigan"
"Madison Heights, Michigan"
"Midland, Michigan"
"Muskegon, Michigan"
"Novi, Michigan"
"Pontiac, Michigan"
"Portage, Michigan"
"Redford, Michigan"
"Rochester Hills, Michigan"
"Roseville, Michigan"
"Royal Oak, Michigan"
"Saginaw, Michigan"
"Shelby, Michigan"
"Southfield, Michigan"
"St. Clair Shores, Michigan"
"Sterling Heights, Michigan"
"Taylor, Michigan"
"Troy, Michigan"
"Warren, Michigan"
"Waterford, Michigan"
"West Bloomfield Township, Michigan"
"Westland, Michigan"
"Wyoming, Michigan"
"Andover, Minnesota"
"Apple Valley, Minnesota"
"Blaine, Minnesota"
"Bloomington, Minnesota"
"Brooklyn Center, Minnesota"
"Brooklyn Park, Minnesota"
"Burnsville, Minnesota"
"Coon Rapids, Minnesota"
"Cottage Grove, Minnesota"
"Duluth, Minnesota"
"Eagan, Minnesota"
"Eden Prairie, Minnesota"
"Edina, Minnesota"
"Inver Grove Heights, Minnesota"
"Lakeville, Minnesota"
"Mankato, Minnesota"
"Maple Grove, Minnesota"
"Maplewood, Minnesota"
"Minneapolis, Minnesota"
"Minnetonka, Minnesota"
"Moorhead, Minnesota"
"Plymouth, Minnesota"
"Richfield, Minnesota"
"Rochester, Minnesota"
"Roseville, Minnesota"
"Shakopee, Minnesota"
"St. Cloud, Minnesota"
"St. Louis Park, Minnesota"
"St. Paul, Minnesota"
"Woodbury, Minnesota"
"Biloxi, Mississippi"
"Greenville, Mississippi"
"Gulfport, Mississippi"
"Hattiesburg, Mississippi"
"Jackson, Mississippi"
"Meridian, Mississippi"
"Olive Branch, Mississippi"
"Southaven, Mississippi"
"Tupelo, Mississippi"
"Ballwin, Missouri"
"Blue Springs, Missouri"
"Cape Girardeau, Missouri"
"Chesterfield, Missouri"
"Columbia, Missouri"
"Florissant, Missouri"
"Independence, Missouri"
"Jefferson City, Missouri"
"Joplin, Missouri"
"Kansas City, Missouri"
"Lee's Summit, Missouri"
"Liberty, Missouri"
"O'Fallon, Missouri"
"Oakville, Missouri"
"Springfield, Missouri"
"St. Charles, Missouri"
"St. Joseph, Missouri"
"St. Louis, Missouri"
"St. Peters, Missouri"
"University City, Missouri"
"Wentzville, Missouri"
"Wildwood, Missouri"
"Billings, Montana"
"Bozeman, Montana"
"Butte-Silver Bow, Montana"
"Butte, Montana"
"Great Falls, Montana"
"Missoula, Montana"
"Bellevue, Nebraska"
"Grand Island, Nebraska"
"Kearney, Nebraska"
"Lincoln, Nebraska"
"Omaha, Nebraska"
"Carson City, Nevada"
"Clark, Nevada"
"Enterprise, Nevada"
"Henderson, Nevada"
"Las Vegas, Nevada"
"North Las Vegas, Nevada"
"North Valleys, Nevada"
"Pahrump, Nevada"
"Paradise, Nevada"
"Reno, Nevada"
"Sparks, Nevada"
"Spring Valley, Nevada"
"Sunrise Manor, Nevada"
"Whitney, Nevada"
"Concord, New Hampshire"
"Dover, New Hampshire"
"Manchester, New Hampshire"
"Nashua, New Hampshire"
"Atlantic City, New Jersey"
"Bayonne, New Jersey"
"Belleville, New Jersey"
"Bloomfield, New Jersey"
"Camden, New Jersey"
"Clifton, New Jersey"
"East Brunswick, New Jersey"
"East Orange, New Jersey"
"Edison, New Jersey"
"Elizabeth, New Jersey"
"Ewing, New Jersey"
"Fair Lawn, New Jersey"
"Fort Lee, New Jersey"
"Garfield, New Jersey"
"Hackensack, New Jersey"
"Hoboken, New Jersey"
"Irvington, New Jersey"
"Jersey City, New Jersey"
"Kearny, New Jersey"
"Lakewood, New Jersey"
"Linden, New Jersey"
"Long Branch, New Jersey"
"Montclair, New Jersey"
"New Brunswick, New Jersey"
"Newark, New Jersey"
"North Brunswick Township, New Jersey"
"Orange, New Jersey"
"Passaic, New Jersey"
"Paterson, New Jersey"
"Pennsauken, New Jersey"
"Perth Amboy, New Jersey"
"Plainfield, New Jersey"
"Princeton, New Jersey"
"Sayreville, New Jersey"
"Teaneck, New Jersey"
"Toms River, New Jersey"
"Trenton, New Jersey"
"Union City, New Jersey"
"Union, New Jersey"
"Vineland, New Jersey"
"Wayne, New Jersey"
"West New York, New Jersey"
"West Orange, New Jersey"
"Westfield, New Jersey"
"Alamogordo, New Mexico"
"Albuquerque, New Mexico"
"Clovis, New Mexico"
"Farmington, New Mexico"
"Hobbs, New Mexico"
"Las Cruces, New Mexico"
"Rio Rancho, New Mexico"
"Roswell, New Mexico"
"Santa Fe, New Mexico"
"South Valley, New Mexico"
"Albany, New York"
"Amherst, New York"
"Bethlehem, New York"
"Binghamton, New York"
"Brentwood, New York"
"Brighton, New York"
"Bronx, New York"
"Brooklyn, New York"
"Buffalo, New York"
"Carmel, New York"
"Centereach, New York"
"Central Islip, New York"
"Cheektowaga, New York"
"Cicero, New York"
"Clarence, New York"
"Clarkstown, New York"
"Clay, New York"
"Clifton Park, New York"
"Commack, New York"
"Coram, New York"
"Cortlandt, New York"
"East Meadow, New York"
"Elmont, New York"
"Freeport, New York"
"Greenburgh, New York"
"Guilderland, New York"
"Hempstead, New York"
"Henrietta, New York"
"Hicksville, New York"
"Huntington Station, New York"
"Irondequoit, New York"
"Ithaca, New York"
"Jamestown, New York"
"Levittown, New York"
"Long Beach, New York"
"Manhattan, New York"
"Mount Pleasant, New York"
"Mount Vernon, New York"
"New City, New York"
"New Rochelle, New York"
"New York, New York"
"Niagara Falls, New York"
"North Hempstead, New York"
"North Tonawanda, New York"
"Oceanside, New York"
"Orangetown, New York"
"Penfield, New York"
"Perinton, New York"
"Poughkeepsie, New York"
"Queens, New York"
"Ramapo, New York"
"Rochester, New York"
"Rome, New York"
"Salina, New York"
"Schenectady, New York"
"Spring Valley, New York"
"Staten Island, New York"
"Syracuse, New York"
"Troy, New York"
"Union, New York"
"Utica, New York"
"Valley Stream, New York"
"West Babylon, New York"
"West Seneca, New York"
"White Plains, New York"
"Yonkers, New York"
"Yorktown, New York"
"Apex, North Carolina"
"Asheville, North Carolina"
"Burlington, North Carolina"
"Cary, North Carolina"
"Chapel Hill, North Carolina"
"Charlotte, North Carolina"
"Concord, North Carolina"
"Durham, North Carolina"
"Fayetteville, North Carolina"
"Gastonia, North Carolina"
"Goldsboro, North Carolina"
"Greensboro, North Carolina"
"Greenville, North Carolina"
"Hickory, North Carolina"
"High Point, North Carolina"
"Holly Springs, North Carolina"
"Huntersville, North Carolina"
"Indian Trail, North Carolina"
"Jacksonville, North Carolina"
"Kannapolis, North Carolina"
"Matthews, North Carolina"
"Monroe, North Carolina"
"Mooresville, North Carolina"
"New Bern, North Carolina"
"Raleigh, North Carolina"
"Rocky Mount, North Carolina"
"Salisbury, North Carolina"
"Wake Forest, North Carolina"
"Wilmington, North Carolina"
"Wilson, North Carolina"
"Winston-Salem, North Carolina"
"Bismarck, North Dakota"
"Fargo, North Dakota"
"Grand Forks, North Dakota"
"Minot, North Dakota"
"West Fargo, North Dakota"
"Akron, Ohio"
"Beavercreek, Ohio"
"Boardman, Ohio"
"Bowling Green, Ohio"
"Brunswick, Ohio"
"Canton, Ohio"
"Cincinnati, Ohio"
"Cleveland Heights, Ohio"
"Cleveland, Ohio"
"Columbus, Ohio"
"Cuyahoga Falls, Ohio"
"Dayton, Ohio"
"Delaware, Ohio"
"Dublin, Ohio"
"Elyria, Ohio"
"Euclid, Ohio"
"Fairborn, Ohio"
"Fairfield, Ohio"
"Findlay, Ohio"
"Gahanna, Ohio"
"Grove City, Ohio"
"Hamilton, Ohio"
"Hilliard, Ohio"
"Huber Heights, Ohio"
"Kettering, Ohio"
"Lakewood, Ohio"
"Lancaster, Ohio"
"Lima, Ohio"
"Lorain, Ohio"
"Mansfield, Ohio"
"Marion, Ohio"
"Mason, Ohio"
"Massillon, Ohio"
"Mentor, Ohio"
"Middletown, Ohio"
"Newark, Ohio"
"North Olmsted, Ohio"
"North Ridgeville, Ohio"
"North Royalton, Ohio"
"Parma, Ohio"
"Reynoldsburg, Ohio"
"Springfield, Ohio"
"Stow, Ohio"
"Strongsville, Ohio"
"Toledo, Ohio"
"Upper Arlington, Ohio"
"Warren, Ohio"
"Westerville, Ohio"
"Westlake, Ohio"
"Youngstown, Ohio"
"Bartlesville, Oklahoma"
"Broken Arrow, Oklahoma"
"East Canadian, Oklahoma"
"Edmond, Oklahoma"
"Enid, Oklahoma"
"Lawton, Oklahoma"
"Midwest City, Oklahoma"
"Moore, Oklahoma"
"Muskogee, Oklahoma"
"Norman, Oklahoma"
"North Cleveland, Oklahoma"
"Oklahoma City, Oklahoma"
"Owasso, Oklahoma"
"Shawnee, Oklahoma"
"Stillwater, Oklahoma"
"Tulsa, Oklahoma"
"Albany, Oregon"
"Aloha, Oregon"
"Beaverton, Oregon"
"Bend, Oregon"
"Corvallis, Oregon"
"Eugene, Oregon"
"Grants Pass, Oregon"
"Gresham, Oregon"
"Hillsboro, Oregon"
"Keizer, Oregon"
"Lake Oswego, Oregon"
"McMinnville, Oregon"
"Medford, Oregon"
"Northwest Clackamas, Oregon"
"Northwest Umatilla, Oregon"
"Oregon City, Oregon"
"Portland, Oregon"
"Salem, Oregon"
"Sisters-Millican, Oregon"
"Somerset West-Rock Creek, Oregon"
"Springfield, Oregon"
"Tigard, Oregon"
"Allentown, Pennsylvania"
"Altoona, Pennsylvania"
"Bethel Park, Pennsylvania"
"Bethlehem, Pennsylvania"
"Chester, Pennsylvania"
"Erie, Pennsylvania"
"Harrisburg, Pennsylvania"
"Lancaster, Pennsylvania"
"Levittown, Pennsylvania"
"Mount Lebanon, Pennsylvania"
"Norristown, Pennsylvania"
"Penn Hills, Pennsylvania"
"Philadelphia, Pennsylvania"
"Pittsburgh, Pennsylvania"
"Radnor Township, Pennsylvania"
"Reading, Pennsylvania"
"Ross Township, Pennsylvania"
"Scranton, Pennsylvania"
"State College, Pennsylvania"
"Wilkes-Barre, Pennsylvania"
"York, Pennsylvania"
"Coventry, Rhode Island"
"Cranston, Rhode Island"
"Cumberland, Rhode Island"
"East Providence, Rhode Island"
"North Providence, Rhode Island"
"Pawtucket, Rhode Island"
"Providence, Rhode Island"
"South Kingstown, Rhode Island"
"Warwick, Rhode Island"
"Woonsocket, Rhode Island"
"Aiken, South Carolina"
"Charleston, South Carolina"
"Columbia, South Carolina"
"Dutch Fork, South Carolina"
"Florence, South Carolina"
"Goose Creek, South Carolina"
"Greenville, South Carolina"
"Hilton Head Island, South Carolina"
"James Island, South Carolina"
"Mount Pleasant, South Carolina"
"North Charleston, South Carolina"
"Pontiac, South Carolina"
"Rock Hill, South Carolina"
"Spartanburg, South Carolina"
"Summerville, South Carolina"
"Sumter, South Carolina"
"Rapid City, South Dakota"
"Sioux Falls, South Dakota"
"Bartlett, Tennessee"
"Brentwood, Tennessee"
"Chattanooga, Tennessee"
"Clarksville, Tennessee"
"Cleveland, Tennessee"
"Collierville, Tennessee"
"Columbia, Tennessee"
"Cookeville, Tennessee"
"Franklin, Tennessee"
"Gallatin, Tennessee"
"Germantown, Tennessee"
"Hendersonville, Tennessee"
"Jackson, Tennessee"
"Johnson City, Tennessee"
"Kingsport, Tennessee"
"Knoxville, Tennessee"
"La Vergne, Tennessee"
"Memphis, Tennessee"
"Metropolitan Government, Tennessee"
"Murfreesboro, Tennessee"
"Nashville-Davidson, Tennessee"
"Smyrna, Tennessee"
"Spring Hill, Tennessee"
"Abilene, Texas"
"Allen, Texas"
"Amarillo, Texas"
"Angleton-Rosharon, Texas"
"Arlington, Texas"
"Atascocita, Texas"
"Austin, Texas"
"Baytown, Texas"
"Beaumont, Texas"
"Bedford, Texas"
"Brazosport, Texas"
"Brownsville, Texas"
"Bruni-Mirando, Texas"
"Bryan, Texas"
"Burleson, Texas"
"Carrollton, Texas"
"Cedar Creek Lake, Texas"
"Cedar Hill, Texas"
"Cedar Park, Texas"
"Channelview, Texas"
"College Station, Texas"
"Colony, Texas"
"Conroe, Texas"
"Coppell, Texas"
"Copperas Cove, Texas"
"Corpus Christi, Texas"
"Dallas, Texas"
"DeSoto, Texas"
"Deer Park, Texas"
"Del Rio, Texas"
"Denton, Texas"
"Duncanville, Texas"
"East Grayson, Texas"
"East Jefferson, Texas"
"Edinburg, Texas"
"El Paso, Texas"
"Euless, Texas"
"Farmers Branch, Texas"
"Flower Mound, Texas"
"Fort Worth, Texas"
"Friendswood, Texas"
"Frisco, Texas"
"Galveston, Texas"
"Garland, Texas"
"Georgetown, Texas"
"Grand Prairie, Texas"
"Grapevine, Texas"
"Haltom City, Texas"
"Harlingen, Texas"
"Houston, Texas"
"Huntsville, Texas"
"Hurst, Texas"
"Irving, Texas"
"Keller, Texas"
"Killeen, Texas"
"Kyle, Texas"
"La Porte, Texas"
"Lancaster, Texas"
"Laredo, Texas"
"League City, Texas"
"Leander, Texas"
"Lewisville, Texas"
"Little Elm, Texas"
"Livingston-New Willard, Texas"
"Longview, Texas"
"Lubbock, Texas"
"Lufkin, Texas"
"Mansfield, Texas"
"McAllen, Texas"
"McKinney, Texas"
"Mesquite, Texas"
"Midland, Texas"
"Mission Bend, Texas"
"Mission, Texas"
"Missouri City, Texas"
"Nacogdoches, Texas"
"New Braunfels, Texas"
"North Richland Hills, Texas"
"Northeast Harris, Texas"
"Northeast Tarrant, Texas"
"Northwest Harris, Texas"
"Northwest Rockwall, Texas"
"Odessa, Texas"
"Pasadena, Texas"
"Pearland, Texas"
"Pflugerville, Texas"
"Pharr, Texas"
"Plano, Texas"
"Port Arthur, Texas"
"Richardson, Texas"
"Rockwall, Texas"
"Rosenberg, Texas"
"Round Rock, Texas"
"Rowlett, Texas"
"San Angelo, Texas"
"San Antonio, Texas"
"San Juan, Texas"
"San Marcos, Texas"
"Schertz, Texas"
"Sherman, Texas"
"Socorro, Texas"
"Southeast Harris, Texas"
"Southeast Hidalgo, Texas"
"Southeast Montgomery, Texas"
"Spring, Texas"
"Sugar Land, Texas"
"Temple, Texas"
"Texarkana, Texas"
"Texas City, Texas"
"The Colony, Texas"
"The Woodlands, Texas"
"Tyler, Texas"
"Victoria, Texas"
"Waco, Texas"
"Waxahachie, Texas"
"Weslaco, Texas"
"West Bexar, Texas"
"Wichita Falls, Texas"
"Wylie, Texas"
"Bountiful, Utah"
"Clearfield, Utah"
"Cottonwood Heights, Utah"
"Draper, Utah"
"Kearns, Utah"
"Layton, Utah"
"Lehi, Utah"
"Logan, Utah"
"Midvale, Utah"
"Millcreek, Utah"
"Murray, Utah"
"North Davis, Utah"
"Ogden, Utah"
"Orem, Utah"
"Pleasant Grove, Utah"
"Provo, Utah"
"Riverton, Utah"
"Roy, Utah"
"Salt Lake City, Utah"
"Sandy, Utah"
"South Davis, Utah"
"South Jordan, Utah"
"Spanish Fork, Utah"
"Springville, Utah"
"St. George, Utah"
"Taylorsville, Utah"
"Tooele, Utah"
"West Jordan, Utah"
"West Valley City, Utah"
"Burlington, Vermont"
"Alexandria, Virginia"
"Annandale, Virginia"
"Arlington, Virginia"
"Ashburn, Virginia"
"Blacksburg, Virginia"
"Burke, Virginia"
"Centreville, Virginia"
"Charlottesville, Virginia"
"Chesapeake, Virginia"
"Dale City, Virginia"
"Danville, Virginia"
"Fair Oaks, Virginia"
"Hampton, Virginia"
"Harrisonburg, Virginia"
"Lake Ridge, Virginia"
"Leesburg, Virginia"
"Linton Hall, Virginia"
"Lynchburg, Virginia"
"Manassas, Virginia"
"Marumsco, Virginia"
"McLean, Virginia"
"Mechanicsville, Virginia"
"Newport News, Virginia"
"Norfolk, Virginia"
"Oakton, Virginia"
"Petersburg, Virginia"
"Portsmouth, Virginia"
"Reston, Virginia"
"Richmond, Virginia"
"Roanoke, Virginia"
"Springfield, Virginia"
"Suffolk, Virginia"
"Tuckahoe, Virginia"
"Virginia Beach, Virginia"
"Auburn, Washington"
"Bellevue, Washington"
"Bellingham, Washington"
"Bothell, Washington"
"Bremerton, Washington"
"Burien, Washington"
"Cascade-Fairwood, Washington"
"Des Moines, Washington"
"East Seattle, Washington"
"Edmonds, Washington"
"Enumclaw Plateau, Washington"
"Everett, Washington"
"Federal Way, Washington"
"Gig Harbor Peninsula, Washington"
"Graham-Thrift, Washington"
"Issaquah Plateau, Washington"
"Issaquah, Washington"
"Kennewick, Washington"
"Kent, Washington"
"Kirkland, Washington"
"Lacey, Washington"
"Lake Stevens, Washington"
"Lakewood, Washington"
"Longview, Washington"
"Lynnwood, Washington"
"Marysville, Washington"
"Mount Vernon, Washington"
"North Whidbey, Washington"
"Olympia, Washington"
"Parkland, Washington"
"Pasco, Washington"
"Pullman, Washington"
"Puyallup, Washington"
"Redmond, Washington"
"Renton, Washington"
"Richland, Washington"
"Sammamish, Washington"
"Seattle Hill-Silver Firs, Washington"
"Seattle, Washington"
"Shoreline, Washington"
"Snoqualmie Valley, Washington"
"South Hill, Washington"
"Spokane Valley, Washington"
"Spokane, Washington"
"Tacoma, Washington"
"Tahoma-Maple Valley, Washington"
"University Place, Washington"
"Vancouver, Washington"
"Walla Walla, Washington"
"Wenatchee, Washington"
"Yakima, Washington"
"Charleston, West Virginia"
"Huntington, West Virginia"
"Morgantown, West Virginia"
"Parkersburg, West Virginia"
"Appleton, Wisconsin"
"Beloit, Wisconsin"
"Brookfield, Wisconsin"
"Eau Claire, Wisconsin"
"Fond du Lac, Wisconsin"
"Franklin, Wisconsin"
"Green Bay, Wisconsin"
"Greenfield, Wisconsin"
"Janesville, Wisconsin"
"Kenosha, Wisconsin"
"La Crosse, Wisconsin"
"Madison, Wisconsin"
"Manitowoc, Wisconsin"
"Menomonee Falls, Wisconsin"
"Milwaukee, Wisconsin"
"New Berlin, Wisconsin"
"Oak Creek, Wisconsin"
"Oshkosh, Wisconsin"
"Racine, Wisconsin"
"Sheboygan, Wisconsin"
"Sun Prairie, Wisconsin"
"Waukesha, Wisconsin"
"Wausau, Wisconsin"
"Wauwatosa, Wisconsin"
"West Allis, Wisconsin"
"West Bend, Wisconsin"
"Casper, Wyoming"
"Cheyenne, Wyoming"
"Gillette, Wyoming"
"Laramie, Wyoming"
