"Abilene, Texas",12.99408284
"Addison, Illinois",3.473372781
"Adelanto, California",1.165680473
"Aiken, South Carolina",3.082840237
"Akron, Ohio",47.14792899
"Alabaster, Alabama",5.50887574
"Alafaya, Florida",0.01
"Alameda, California",10.00591716
"Alamogordo, New Mexico",2.863905325
"Albany, Georgia",13.3964497
"Albany, New York",22.92899408
"Albany, Oregon",18.89349112
"Albuquerque, New Mexico",42.31952663
"Alexandria, Louisiana",9.100591716
"Alexandria, Virginia",31.6035503
"Algonquin, Illinois",3.603550296
"Alhambra, California",6.065088757
"Aliso Viejo, California",4.017751479
"Allen, Texas",30.47337278
"Allentown, Pennsylvania",18.13609467
"Aloha, Oregon",3.461538462
"Alpharetta, Georgia",23.04733728
"Altadena, California",2.520710059
"Altamonte Springs, Florida",11.01183432
"Altoona, Pennsylvania",3.065088757
"Amarillo, Texas",17.99408284
"Ames, Iowa",18.71597633
"Amherst, Massachusetts",3.071005917
"Amherst, New York",2.414201183
"Anaheim, California",22.97633136
"Anchorage, Alaska",34.78698225
"Anderson, Indiana",16.17751479
"Andover, Minnesota",0.73964497
"Angleton-Rosharon, Texas",0.01
"Ankeny, Iowa",10.11242604
"Ann Arbor, Michigan",28.23668639
"Annandale, Virginia",5.639053254
"Annapolis, Maryland",16.25443787
"Antelope, California",1.153846154
"Antioch, California",4.224852071
"Apache Junction, Arizona",2.940828402
"Apex, North Carolina",3.378698225
"Apopka, Florida",11.22485207
"Apple Valley, California",5.023668639
"Apple Valley, Minnesota",1.863905325
"Appleton, Wisconsin",22.28402367
"Arcadia, California",8.668639053
"Arden-Arcade, California",0.01
"Arivaca, Arizona",0.195266272
"Arlington Heights, Illinois",10.47337278
"Arlington, Massachusetts",4.686390533
"Arlington, Texas",44.59763314
"Arlington, Virginia",21.04142012
"Arvada, Colorado",8.633136095
"Ashburn, Virginia",5.964497041
"Asheville, North Carolina",29.76923077
"Aspen Hill, Maryland",0.01
"Atascocita, Texas",1.094674556
"Athens, Georgia",28.18934911
"Athens-Clarke County, Georgia",0.01
"Atlanta, Georgia",48.53846154
"Atlantic City, New Jersey",1.360946746
"Attleboro, Massachusetts",0.710059172
"Auburn, Alabama",3.467455621
"Auburn, Washington",2.585798817
"Augusta, Georgia",4.266272189
"Augusta-Richmond County, Georgia",0.01
"Aurora, Colorado",8.704142012
"Aurora, Illinois",4.24852071
"Austin, Texas",49.15384615
"Aventura, Florida",3.384615385
"Avondale, Arizona",3.24260355
"Azusa, California",2.366863905
"Bakersfield, California",21.13609467
"Baldwin Park, California",2.473372781
"Ballwin, Missouri",1.289940828
"Baltimore, Maryland",41.84023669
"Bangor, Maine",13.31360947
"Banning, California",1.071005917
"Barnstable Town, Massachusetts",0.023668639
"Bartlesville, Oklahoma",3.408284024
"Bartlett, Illinois",3.355029586
"Bartlett, Tennessee",1.674556213
"Baton Rouge, Louisiana",31.93491124
"Battle Creek, Michigan",12.58579882
"Bay City, Michigan",6.881656805
"Bayonne, New Jersey",2.319526627
"Baytown, Texas",12.21301775
"Beaumont, California",2.082840237
"Beaumont, Texas",20.5739645
"Beavercreek, Ohio",10.63313609
"Beaverton, Oregon",24.24260355
"Bedford, Texas",8.449704142
"Bel Air North, Maryland",0.01
"Bel Air South, Maryland",0.01
"Bell Gardens, California",9.75739645
"Bell, California",9.792899408
"Belleville, Illinois",27.0887574
"Belleville, New Jersey",6.970414201
"Bellevue, Nebraska",14.03550296
"Bellevue, Washington",10.23668639
"Bellflower, California",2.218934911
"Bellingham, Washington",6.928994083
"Beloit, Wisconsin",2.781065089
"Bend, Oregon",42.0887574
"Benton, Arkansas",13.63313609
"Bentonville, Arkansas",20.81656805
"Berkeley, California",18.36686391
"Berwyn, Illinois",5.863905325
"Bethel Park, Pennsylvania",0.01
"Bethesda, Maryland",13.24260355
"Bethlehem, New York",0.644970414
"Bethlehem, Pennsylvania",4.402366864
"Bettendorf, Iowa",3.75739645
"Beverly Hills, California",7.366863905
"Beverly, Massachusetts",4.911242604
"Big Creek, Georgia",0.01
"Bill Arp, Georgia",0.01
"Billerica, Massachusetts",3.544378698
"Billings, Montana",34.34911243
"Biloxi, Mississippi",4.514792899
"Binghamton, New York",3.781065089
"Birmingham, Alabama",42.07100592
"Bismarck, North Dakota",3.538461538
"Black Forest-Peyton, Colorado",0.01
"Blacksburg, Virginia",14.33727811
"Blaine, Minnesota",3.147928994
"Bloomfield Township, Michigan",3.917159763
"Bloomfield, New Jersey",4.804733728
"Bloomington, Illinois",16.4556213
"Bloomington, Indiana",39.00591716
"Bloomington, Minnesota",8.568047337
"Blue Springs, Missouri",5
"Boardman, Ohio",10.4556213
"Boca Ciega, Florida",0.023668639
"Boca Raton, Florida",15.0887574
"Boise, Idaho",44.10650888
"Bolingbrook, Illinois",2.928994083
"Bonita Springs, Florida",3.958579882
"Bossier City, Louisiana",3.562130178
"Boston, Massachusetts",29.65680473
"Bothell, Washington",3.289940828
"Boulder, Colorado",17.62721893
"Bountiful, Utah",4.402366864
"Bowie, Maryland",4.218934911
"Bowling Green, Kentucky",11.87573964
"Bowling Green, Ohio",12.19526627
"Boynton Beach, Florida",15.13609467
"Bozeman, Montana",18.60946746
"Bradenton, Florida",27.68047337
"Braintree Town, Massachusetts",0.01
"Braintree, Massachusetts",6.171597633
"Brandon, Florida",24.36686391
"Brandywine, Delaware",0.01
"Brazosport, Texas",0.01
"Brea, California",9.142011834
"Bremerton, Washington",10.37869822
"Brentwood, California",9.639053254
"Brentwood, New York",3.106508876
"Brentwood, Tennessee",10.83431953
"Bridgeport, Connecticut",17.96449704
"Brighton, Colorado",14.08284024
"Brighton, New York",0.01
"Bristol, Connecticut",5.443786982
"Brockton, Massachusetts",4.384615385
"Broken Arrow, Oklahoma",5.207100592
"Bronx, New York",32.38461538
"Brookfield, Wisconsin",4.01183432
"Brookline, Massachusetts",3.26035503
"Brooklyn Center, Minnesota",2.201183432
"Brooklyn Park, Minnesota",1.159763314
"Brooklyn, New York",42.41420118
"Broomfield, Colorado",3.816568047
"Brownsville, Texas",6.769230769
"Bruni-Mirando, Texas",0.01
"Brunswick, Ohio",10.4556213
"Bryan, Texas",17.71597633
"Buckeye, Arizona",6.455621302
"Buena Park, California",5.159763314
"Buffalo Grove, Illinois",3.029585799
"Buffalo, New York",31.43195266
"Bullhead City, Arizona",3.704142012
"Burbank, California",15.17159763
"Burien, Washington",3.396449704
"Burke, Virginia",3.118343195
"Burleson, Texas",9.976331361
"Burlingame, California",8.224852071
"Burlington, North Carolina",4.550295858
"Burlington, Vermont",28.35502959
"Burnsville, Minnesota",4.106508876
"Butte, Montana",13.73372781
"Butte-Silver Bow, Montana",0.01
"Caldwell, Idaho",20.4556213
"Calexico, California",3.455621302
"Calumet City, Illinois",3.431952663
"Camarillo, California",5.443786982
"Cambridge, Massachusetts",28.84615385
"Camden, New Jersey",4.857988166
"Campbell, California",4.674556213
"Canton, Michigan",13.57988166
"Canton, Ohio",38.42011834
"Cantonment, Florida",0.733727811
"Cape Coral, Florida",9.059171598
"Cape Girardeau, Missouri",2.372781065
"Carlsbad, California",7.650887574
"Carmel, Indiana",28.84023669
"Carmel, New York",2.73964497
"Carmichael, California",4.189349112
"Carol City, Florida",0.01
"Carol Stream, Illinois",2.887573964
"Carpentersville, Illinois",1.071005917
"Carrollton, Texas",16.92307692
"Carrollwood, Florida",0.390532544
"Carson City, Nevada",10.69822485
"Carson, California",7.792899408
"Cary, North Carolina",20
"Casa Grande, Arizona",7.899408284
"Casas Adobes, Arizona",0.112426036
"Cascade-Fairwood, Washington",0.01
"Casper, Wyoming",21.15384615
"Castle Rock, Colorado",28.37278107
"Castro Valley, California",4.609467456
"Catalina Foothills, Arizona",0.01
"Cathedral City, California",7.130177515
"Catonsville, Maryland",10.82248521
"Cedar Creek Lake, Texas",0.01
"Cedar Falls, Iowa",13.21893491
"Cedar Hill, Texas",6.349112426
"Cedar Park, Texas",9.130177515
"Cedar Rapids, Iowa",39.6035503
"Centennial, Colorado",24.79881657
"Centereach, New York",0.01
"Central Coast, California",0.01
"Central Contra Costa, California",0.01
"Central Islip, New York",1.834319527
"Central Manchester, Connecticut",0.01
"Central Pasco, Florida",0.01
"Central Pencader, Delaware",0.01
"Centreville, Virginia",6.686390533
"Ceres, California",4.526627219
"Cerritos, California",4.538461538
"Champaign, Illinois",11.94674556
"Chandler, Arizona",35.15384615
"Channelview, Texas",3.124260355
"Chapel Hill, North Carolina",7.189349112
"Charleston, South Carolina",23.46745562
"Charleston, West Virginia",8.905325444
"Charlotte, North Carolina",42.58579882
"Charlottesville, Virginia",12.31360947
"Chattanooga, Tennessee",12.92899408
"Cheektowaga, New York",2.615384615
"Chelmsford, Massachusetts",2.50887574
"Chelsea, Massachusetts",3.514792899
"Chesapeake, Virginia",25.70414201
"Chester, Pennsylvania",6.538461538
"Chesterfield, Missouri",1.142011834
"Cheyenne, Wyoming",4.437869822
"Chicago Heights, Illinois",1.053254438
"Chicago, Illinois",55.52071006
"Chico, California",2.562130178
"Chicopee, Massachusetts",3.136094675
"Chillum, Maryland",0.01
"Chino Hills, California",4.816568047
"Chino, California",8.041420118
"Chula Vista, California",11.27218935
"Cicero, Illinois",0.769230769
"Cicero, New York",0.272189349
"Cincinnati, Ohio",42.43786982
"Citrus Heights, California",0.852071006
"Citrus Park-Fern Lake, Florida",0.01
"Claremont, California",12.07100592
"Clarence, New York",2.106508876
"Clark, Nevada",0.01
"Clarkstown, New York",0.50295858
"Clarksville, Tennessee",34.38461538
"Clay, New York",1.118343195
"Clearfield, Utah",3.958579882
"Clearwater, Florida",30.01775148
"Clermont, Florida",12.00591716
"Cleveland Heights, Ohio",11.58579882
"Cleveland, Ohio",47.72189349
"Cleveland, Tennessee",2.25443787
"Clifton Park, New York",0.970414201
"Clifton, New Jersey",1.828402367
"Clinton, Maryland",1.479289941
"Clovis, California",13.89349112
"Clovis, New Mexico",7.479289941
"Coachella Valley, California",0.01
"Coachella, California",5.526627219
"Coconino, Arizona",0.01
"Coconut Creek, Florida",5.142011834
"Coeur d'Alene, Idaho",0.01
"College Park, Maryland",11.18934911
"College Station, Texas",29.86390533
"Collierville, Tennessee",3.50887574
"Colony, Texas",0.686390533
"Colorado Springs, Colorado",55.27810651
"Colton, California",0.360946746
"Columbia, Maryland",1.615384615
"Columbia, Missouri",2.153846154
"Columbia, South Carolina",6.171597633
"Columbia, Tennessee",1.035502959
"Columbus, Georgia",3.781065089
"Columbus, Indiana",4.544378698
"Columbus, Ohio",49.01183432
"Commack, New York",1.106508876
"Commerce City, Colorado",5.177514793
"Compton, California",10.6035503
"Concord, California",9.550295858
"Concord, New Hampshire",6
"Concord, North Carolina",10.98224852
"Conroe, Texas",27.49704142
"Conway, Arkansas",16.0295858
"Cookeville, Tennessee",8.201183432
"Coon Rapids, Minnesota",1.804733728
"Cooper City, Florida",4.905325444
"Coppell, Texas",19.07100592
"Copperas Cove, Texas",8.74556213
"Coral Gables, Florida",26.21301775
"Coral Springs, Florida",25.15384615
"Coram, New York",1
"Corona, California",8.905325444
"Corpus Christi, Texas",24.55029586
"Cortlandt, New York",0.01
"Corvallis, Oregon",13.66272189
"Costa Mesa, California",16.9704142
"Cottage Grove, Minnesota",2.171597633
"Cottonwood Heights, Utah",4.25443787
"Council Bluffs, Iowa",20.76331361
"Country Club, Florida",2.349112426
"Coventry, Rhode Island",2.201183432
"Covina, California",13.85798817
"Covington, Kentucky",6.970414201
"Cranston, Rhode Island",8.846153846
"Crystal Lake, Illinois",7.786982249
"Culver City, California",12.5443787
"Cumberland, Rhode Island",3.479289941
"Cupertino, California",6.485207101
"Cutler Bay, Florida",5.343195266
"Cuyahoga Falls, Ohio",20.18934911
"Cypress, California",0.792899408
"Dacula-Rocky Creek, Georgia",0.01
"Dakota Ridge, Colorado",0.01
"Dale City, Virginia",0.325443787
"Dallas, Texas",52.66863905
"Dalton, Georgia",12.5443787
"Daly City, California",8.520710059
"Dana Point, California",6.284023669
"Danbury, Connecticut",13.65680473
"Danville, California",8.431952663
"Danville, Illinois",8.278106509
"Danville, Virginia",7.047337278
"Dartmouth, Massachusetts",1.25443787
"Davenport, Iowa",34.24260355
"Davie, Florida",17.21301775
"Davis, California",4.207100592
"Dayton, Ohio",48.25443787
"Daytona Beach, Florida",5.881656805
"DeKalb, Illinois",2.704142012
"DeSoto, Texas",3.029585799
"Dearborn Heights, Michigan",4.402366864
"Dearborn, Michigan",28.86982249
"Decatur, Alabama",13.99408284
"Decatur, Illinois",14.93491124
"Deer Park, Texas",6.118343195
"Deer Valley, Arizona",0.01
"Deerfield Beach, Florida",9.24852071
"Del Rio, Texas",4.928994083
"Delano, California",3.147928994
"Delaware, Ohio",23.96449704
"Delray Beach, Florida",4.396449704
"Deltona, Florida",1.940828402
"Denton, Texas",8.071005917
"Denver, Colorado",48.26035503
"Des Moines, Iowa",24.66863905
"Des Moines, Washington",1.852071006
"Des Plaines, Illinois",4.189349112
"Detroit, Michigan",42.89940828
"Diamond Bar, California",1.603550296
"Doral, Florida",7.349112426
"Dothan, Alabama",25.17751479
"Douglasville, Georgia",17.4260355
"Dover, Delaware",30.23076923
"Dover, New Hampshire",4.869822485
"Downers Grove, Illinois",9.520710059
"Downey, California",9.940828402
"Draper, Utah",14.44970414
"Dublin, California",8.165680473
"Dublin, Ohio",39.52662722
"Dubuque, Iowa",27.08284024
"Duluth, Minnesota",14.0591716
"Duncanville, Texas",7.591715976
"Dundalk, Maryland",5.686390533
"Dunedin, Florida",8.343195266
"Dunwoody, Georgia",4.106508876
"Durham, North Carolina",36.80473373
"Dutch Fork, South Carolina",0.01
"Eagan, Minnesota",7.266272189
"East Brunswick, New Jersey",9.065088757
"East Canadian, Oklahoma",0.01
"East Contra Costa, California",0.01
"East Dougherty, Georgia",0.01
"East Grayson, Texas",0.01
"East Hartford, Connecticut",13.82840237
"East Honolulu, Hawaii",0.01
"East Jefferson, Texas",0.01
"East Kern, California",0.01
"East Lake, Florida",0.01
"East Lansing, Michigan",12.75147929
"East Leon, Florida",0.01
"East Los Angeles, California",12.09467456
"East Meadow, New York",5.065088757
"East Orange, New Jersey",10.01775148
"East Point, Georgia",10.68047337
"East Providence, Rhode Island",6.822485207
"East San Gabriel Valley, California",0.01
"East Seattle, Washington",5.349112426
"East Yolo, California",0.01
"Eastpointe, Michigan",9.852071006
"Eastvale, California",6.159763314
"Eau Claire, Wisconsin",13.86982249
"Eden Prairie, Minnesota",6.023668639
"Edina, Minnesota",7.875739645
"Edinburg, Texas",26.94674556
"Edison, New Jersey",19.50887574
"Edmond, Oklahoma",28.81656805
"Edmonds, Washington",5.136094675
"Egypt Lake-Leto, Florida",0.01
"El Cajon, California",7.917159763
"El Centro, California",5.538461538
"El Dorado Hills, California",1.24852071
"El Mirage, Arizona",0.01
"El Monte, California",5.355029586
"El Paso de Robles (Paso Robles), California",0.01
"El Paso, Texas",47.63313609
"El Toro, California",0.01
"Eldersburg, Maryland",0.01
"Elgin, Illinois",25.92307692
"Elizabeth, New Jersey",13.44970414
"Elk Grove Village, Illinois",6.781065089
"Elk Grove, California",11.66272189
"Elkhart, Indiana",28.78698225
"Ellicott City, Maryland",9.680473373
"Elmhurst, Illinois",7.75739645
"Elmont, New York",3.384615385
"Elsinore Valley, California",0.01
"Elsmere, Colorado",0.01
"Elyria, Ohio",23.79289941
"Encinitas, California",7.74556213
"Enfield, Connecticut",2.662721893
"Englewood, Colorado",34.43195266
"Enid, Oklahoma",17.87573964
"Enterprise, Nevada",1.443786982
"Enumclaw Plateau, Washington",0.01
"Erie, Pennsylvania",18.4852071
"Escondido, California",6.639053254
"Essex, Maryland",2.727810651
"Euclid, Ohio",8.893491124
"Eugene, Oregon",45.65088757
"Euless, Texas",5.668639053
"Evanston, Illinois",10.07100592
"Evansville, Indiana",39.33727811
"Everett, Massachusetts",2.715976331
"Everett, Washington",13.62130178
"Ewa, Hawaii",0.01
"Ewing, New Jersey",1.911242604
"Fair Lawn, New Jersey",1.917159763
"Fair Oaks, California",2.366863905
"Fair Oaks, Virginia",0.01
"Fairbanks, Alaska",18.43195266
"Fairborn, Ohio",9.792899408
"Fairfield, California",9.804733728
"Fairfield, Connecticut",6.449704142
"Fairfield, Ohio",19.75147929
"Fall River, Massachusetts",5.100591716
"Fallbrook, California",9.662721893
"Fargo, North Dakota",26.42011834
"Farmers Branch, Texas",13.69822485
"Farmington Hills, Michigan",27.58579882
"Farmington, New Mexico",15.86982249
"Fayette, Kentucky",0.01
"Fayetteville, Arkansas",32.27810651
"Fayetteville, North Carolina",20.64497041
"Federal Way, Washington",12.20118343
"Findlay, Ohio",28.4260355
"Fishers, Indiana",15.77514793
"Fitchburg, Massachusetts",2.674556213
"Flagstaff, Arizona",16.61538462
"Flint, Michigan",26.13609467
"Florence, Alabama",10.70414201
"Florence, Kentucky",0.633136095
"Florence, South Carolina",4.189349112
"Florence-Graham, California",0.029585799
"Florin, California",0.01
"Florissant, Missouri",0.272189349
"Flower Mound, Texas",13.68639053
"Folsom, California",9.372781065
"Fond du Lac, Wisconsin",5.982248521
"Fontana, California",17.07100592
"Foothill Farms, California",0.01
"Fort Collins, Colorado",18.42011834
"Fort Lauderdale, Florida",31.78106509
"Fort Lee, New Jersey",2.136094675
"Fort Myers, Florida",28
"Fort Pierce, Florida",6.887573964
"Fort Smith, Arkansas",6.366863905
"Fort Wayne, Indiana",22.0295858
"Fort Worth, Texas",48.04142012
"Foster City, California",1.130177515
"Fountain Valley, California",1.810650888
"Fountainbleau, Florida",0.01
"Framingham, Massachusetts",8.881656805
"Franklin Town, Massachusetts",0.01
"Franklin, Massachusetts",3.467455621
"Franklin, Tennessee",26.53846154
"Franklin, Wisconsin",2.573964497
"Frederick, Maryland",14.10059172
"Freeport, New York",1.680473373
"Fremont, California",9.278106509
"Fresno, California",25.19526627
"Friendswood, Texas",6.236686391
"Frisco, Texas",35.26035503
"Fullerton, California",9.00591716
"Gadsden, Alabama",6.053254438
"Gahanna, Ohio",8.520710059
"Gainesville, Florida",36.8816568
"Gainesville, Georgia",14.96449704
"Gaithersburg, Maryland",13.43786982
"Galesburg, Illinois",4.834319527
"Gallatin, Tennessee",3.976331361
"Galveston, Texas",26.73372781
"Garden Grove, California",14.90532544
"Gardena, California",8.627218935
"Garfield, New Jersey",2.094674556
"Garland, Texas",38.75147929
"Gary, Indiana",26.53846154
"Gastonia, North Carolina",6.195266272
"Georgetown, Kentucky",3.692307692
"Georgetown, Texas",21.13017751
"Germantown, Maryland",8.804733728
"Germantown, Tennessee",4.863905325
"Gig Harbor Peninsula, Washington",0.01
"Gilbert, Arizona",27.62721893
"Gillette, Wyoming",6.958579882
"Gilroy, California",4.414201183
"Glastonbury, Connecticut",2.153846154
"Glen Burnie, Maryland",7.420118343
"Glendale Heights, Illinois",1.976331361
"Glendale, Arizona",19.56804734
"Glendale, California",13.96449704
"Glendora, California",7.431952663
"Glenview, Illinois",15.95857988
"Golden Glades, Florida",0.01
"Goldsboro, North Carolina",11.5147929
"Goleta, California",9.106508876
"Goodyear, Arizona",13.40828402
"Goose Creek, South Carolina",2.792899408
"Goshen, Indiana",16.8816568
"Gracewood, Georgia",0.01
"Graham-Thrift, Washington",0.01
"Grand Forks, North Dakota",3.189349112
"Grand Island, Nebraska",6.597633136
"Grand Junction, Colorado",10.61538462
"Grand Prairie, Texas",17.03550296
"Grand Rapids, Michigan",37.4556213
"Granger, Indiana",5.284023669
"Grants Pass, Oregon",15.40828402
"Grapevine, Texas",13.68639053
"Great Falls, Montana",10.57988166
"Greater Carrollwood, Florida",0.01
"Greater Newark, Delaware",0.01
"Greeley, Colorado",21.95266272
"Green Bay, Wisconsin",25.30177515
"Greenacres, Florida",3.75147929
"Greenburgh, New York",0.01
"Greenfield, Wisconsin",2.621301775
"Greensboro, North Carolina",20.85207101
"Greenville, Mississippi",3.544378698
"Greenville, North Carolina",9.224852071
"Greenville, South Carolina",23.73372781
"Greenwich, Connecticut",8.733727811
"Greenwood, Indiana",27.33727811
"Gresham, Oregon",16.90532544
"Grove City, Ohio",23.32544379
"Guilderland, New York",0.01
"Gulf Breeze-Harold, Florida",0.01
"Gulf Gate-Osprey, Florida",0.01
"Gulfport, Mississippi",13.0591716
"Gurnee, Illinois",6.136094675
"Hacienda Heights, California",2.810650888
"Hackensack, New Jersey",9.053254438
"Hagerstown, Maryland",14.40828402
"Hallandale Beach, Florida",6.088757396
"Hallandale, Florida",1.905325444
"Haltom City, Texas",4.118343195
"Hamden, Connecticut",2.639053254
"Hamilton, Ohio",28.23668639
"Hammond, Indiana",15.11242604
"Hampton, Virginia",12.84023669
"Hanford, California",5.881656805
"Hanover Park, Illinois",3.485207101
"Harlingen, Texas",13.76331361
"Harrisburg, Pennsylvania",13.85798817
"Harrisonburg, Virginia",10.59763314
"Hartford, Connecticut",28.0295858
"Hattiesburg, Mississippi",5.798816568
"Haverhill, Massachusetts",2.023668639
"Hawthorne, California",4.650887574
"Hayward, California",8.384615385
"Hemet, California",5.355029586
"Hempstead, New York",5.609467456
"Henderson, Nevada",37.9704142
"Hendersonville, Tennessee",6.443786982
"Henrietta, New York",2.159763314
"Hesperia, California",7.360946746
"Hialeah, Florida",39.9408284
"Hickory, North Carolina",9.49704142
"Hicksville, New York",5.668639053
"High Point, North Carolina",9.396449704
"Highland, California",4.869822485
"Highlands Ranch, Colorado",5.402366864
"Hilliard, Ohio",12.36094675
"Hillsboro, Oregon",22.76331361
"Hilo, Hawaii",14.40236686
"Hilton Head Island, South Carolina",3.236686391
"Hinesville, Georgia",3.349112426
"Hobbs, New Mexico",3.923076923
"Hoboken, New Jersey",5.224852071
"Hoffman Estates, Illinois",4.946745562
"Holland, Michigan",17.24852071
"Hollister, California",3.562130178
"Holly Springs, North Carolina",1.307692308
"Hollywood, Florida",31.66863905
"Holyoke, Massachusetts",2.923076923
"Homestead, Florida",13.12426036
"Honolulu, Hawaii",23.79881657
"Hoover, Alabama",3.366863905
"Hopkinsville, Kentucky",1.195266272
"Hot Springs, Arkansas",6.710059172
"Houma, Louisiana",2.142011834
"Houston, Texas",51.69822485
"Huber Heights, Ohio",0.644970414
"Huntersville, North Carolina",0.449704142
"Huntington Beach, California",1.289940828
"Huntington Park, California",0.49112426
"Huntington Station, New York",2.792899408
"Huntington, West Virginia",4.769230769
"Huntsville, Alabama",36.40236686
"Huntsville, Texas",11.0887574
"Hurst, Texas",7.088757396
"Hutchinson, Kansas",2.147928994
"Idaho Falls, Idaho",34.37869822
"Independence, Missouri",3.26035503
"Indian Trail, North Carolina",0.431952663
"Indianapolis, Indiana",36.46153846
"Indio, California",2.142011834
"Inglewood, California",2.934911243
"Interior County, Florida",0.01
"Inver Grove Heights, Minnesota",0.360946746
"Iowa City, Iowa",47.99408284
"Irondequoit, New York",0.01
"Irvine, California",19.14201183
"Irving, Texas",30.65680473
"Irvington, New Jersey",1.289940828
"Issaquah Plateau, Washington",0.01
"Issaquah, Washington",3.041420118
"Ithaca, New York",5.147928994
"Jackson, Michigan",18.56213018
"Jackson, Mississippi",23.55029586
"Jackson, Tennessee",8.071005917
"Jacksonville, Florida",44.78106509
"Jacksonville, North Carolina",3.147928994
"James Island, South Carolina",0.118343195
"Jamestown, New York",1.278106509
"Janesville, Wisconsin",3.100591716
"Jefferson City, Missouri",9.627218935
"Jeffersonville, Indiana",9.236686391
"Jersey City, New Jersey",38.26035503
"Johns Creek, Georgia",3.082840237
"Johnson City, Tennessee",12.21301775
"Joliet, Illinois",18.76331361
"Jonesboro, Arkansas",13.62130178
"Joplin, Missouri",10.86982249
"Juneau, Alaska",9.597633136
"Jupiter, Florida",17.89349112
"Jurupa, California",0.01
"Kalamazoo, Michigan",1.165680473
"Kaneohe, Hawaii",0.195266272
"Kannapolis, North Carolina",0.053254438
"Kansas City, Kansas",51.5739645
"Kansas City, Missouri",37.57988166
"Kearney, Nebraska",4.153846154
"Kearns, Utah",1.810650888
"Kearny, New Jersey",1.396449704
"Keizer, Oregon",3.597633136
"Keller, Texas",26.47928994
"Ken Caryl, Colorado",0.01
"Kendale Lakes, Florida",0.01
"Kendale Lakes-Lindgren Acres, Florida",0.01
"Kendall West, Florida",0.01
"Kendall, Florida",4.834319527
"Kendall-Perrine, Florida",0.01
"Kenner, Louisiana",7.082840237
"Kennesaw, Georgia",16.70414201
"Kennewick, Washington",9.431952663
"Kenosha, Wisconsin",12.59171598
"Kent, Washington",19.18934911
"Kentwood, Michigan",4.065088757
"Kettering, Ohio",12.94674556
"Killeen, Texas",26.52071006
"Kingsport, Tennessee",3.130177515
"Kirkland, Washington",4.236686391
"Kissimmee, Florida",20.04733728
"Knoxville, Tennessee",19.52071006
"Kokomo, Indiana",8.899408284
"Koolaupoko, Hawaii",0.01
"Kyle, Texas",13.5443787
"La Crosse, Wisconsin",12.07692308
"La Habra, California",4.609467456
"La Mesa, California",9.514792899
"La Mirada, California",5.952662722
"La Porte, Texas",11.88757396
"La Presa, California",0.01
"La Puente, California",13.63905325
"La Quinta, California",10.25443787
"La Vergne, Tennessee",1.562130178
"La Verne, California",2.325443787
"LaGrange, Georgia",4.775147929
"Lacey, Washington",4.295857988
"Lafayette, Indiana",37.5739645
"Lafayette, Louisiana",23.43195266
"Laguna Hills, California",3.059171598
"Laguna Niguel, California",3.24852071
"Laguna, California",0.01
"Lake Charles, Louisiana",13.34911243
"Lake Elsinore, California",4.01183432
"Lake Forest, California",6.562130178
"Lake Havasu City, Arizona",3.710059172
"Lake Oswego, Oregon",8.218934911
"Lake Ridge, Virginia",0.01
"Lake Stevens, Washington",1.627218935
"Lake Worth, Florida",11.80473373
"Lakeland, Florida",39.37869822
"Lakeside, Florida",0.01
"Lakeville, Minnesota",1.976331361
"Lakewood, California",3.99408284
"Lakewood, Colorado",17.28994083
"Lakewood, New Jersey",2.177514793
"Lakewood, Ohio",11.49112426
"Lakewood, Washington",4.881656805
"Lancaster, California",11.04733728
"Lancaster, Ohio",23.11242604
"Lancaster, Pennsylvania",11.78698225
"Lancaster, Texas",5.650887574
"Land O' Lakes, Florida",4.24260355
"Lansing, Michigan",31.73372781
"Laramie, Wyoming",5.071005917
"Laredo, Texas",20.18934911
"Largo, Florida",15
"Las Cruces, New Mexico",8.887573964
"Las Vegas, Nevada",47.18343195
"Lauderdale Lakes, Florida",0.449704142
"Lauderhill, Florida",1.041420118
"Lawndale, California",0.420118343
"Lawrence, Indiana",0.816568047
"Lawrence, Kansas",23.71597633
"Lawrence, Massachusetts",12.73372781
"Lawrenceville, Georgia",27.75739645
"Lawton, Oklahoma",14.37278107
"Layton, Utah",19.07692308
"League City, Texas",11.42011834
"Leander, Texas",7.224852071
"Leavenworth, Kansas",6.295857988
"Leawood, Kansas",9.100591716
"Lee's Summit, Missouri",3.035502959
"Leesburg, Virginia",11.4260355
"Lehi, Utah",17.65680473
"Lehigh Acres, Florida",7.532544379
"Lenexa, Kansas",14.21893491
"Leominster, Massachusetts",3.568047337
"Levittown, New York",2.74556213
"Levittown, Pennsylvania",2.047337278
"Lewiston, Idaho",13.89349112
"Lewiston, Maine",20.64497041
"Lewisville, Texas",25.98816568
"Lexington, Massachusetts",5.319526627
"Lexington-Fayette, Kentucky",0.01
"Liberty, Missouri",4.218934911
"Lima, Ohio",30.37278107
"Lincoln Park, Michigan",3.727810651
"Lincoln, California",3.899408284
"Lincoln, Nebraska",35.86390533
"Linden, New Jersey",2.532544379
"Linton Hall, Virginia",0.01
"Little Elm, Texas",4.917159763
"Little Rock, Arkansas",38.31360947
"Littleton, Colorado",13.04142012
"Livermore, California",3.556213018
"Livingston-New Willard, Texas",0.01
"Livonia, Michigan",7.804733728
"Lodi, California",3.443786982
"Logan, Utah",14.21301775
"Lombard, Illinois",3.041420118
"Lompoc Valley, California",0.01
"Lompoc, California",1.49112426
"Long Beach, California",25.43786982
"Long Beach, New York",3.307692308
"Long Branch, New Jersey",1.934911243
"Longmont, Colorado",11.37869822
"Longview, Texas",18.85798817
"Longview, Washington",1.852071006
"Loomis Basin-Folsom Lake, California",0.01
"Lorain, Ohio",5.473372781
"Los Altos, California",0.769230769
"Los Angeles, California",49.05325444
"Los Banos, California",1.402366864
"Los Gatos, California",2.426035503
"Louisville, Kentucky",44.09467456
"Loveland, Colorado",8.940828402
"Lowell, Massachusetts",4.804733728
"Lower Christiana, Delaware",0.01
"Lubbock, Texas",36.95857988
"Lufkin, Texas",10.01183432
"Lynchburg, Virginia",9.449704142
"Lynn, Massachusetts",6.917159763
"Lynnwood, Washington",11.61538462
"Lynwood, California",6.236686391
"Mableton, Georgia",5.153846154
"Macon, Georgia",31.49112426
"Madera, California",9.840236686
"Madison Heights, Michigan",3.733727811
"Madison, Alabama",9.917159763
"Madison, Wisconsin",46.80473373
"Malden, Massachusetts",2.366863905
"Manassas, Virginia",12.69230769
"Manchester, Connecticut",4.029585799
"Manchester, New Hampshire",10.06508876
"Manhattan Beach, California",3.177514793
"Manhattan, Kansas",13.14792899
"Manhattan, New York",23.65088757
"Manitowoc, Wisconsin",3.100591716
"Mankato, Minnesota",5.786982249
"Mansfield, Ohio",32.4556213
"Mansfield, Texas",12.04142012
"Manteca, California",3.893491124
"Maple Grove, Minnesota",3.98816568
"Maplewood, Minnesota",3.00591716
"Marana, Arizona",3.047337278
"Margate, Florida",6.644970414
"Maricopa, Arizona",6.360946746
"Marietta, Georgia",24.14201183
"Marion, Iowa",8.313609467
"Marion, Ohio",13.58579882
"Marlborough, Massachusetts",3.017751479
"Marrero, Louisiana",1.792899408
"Martinez, California",6.99408284
"Martinez, Georgia",2.923076923
"Marumsco, Virginia",0.01
"Marysville, Washington",6.869822485
"Mason, Ohio",36.89940828
"Massillon, Ohio",17.01183432
"Mather, California",0.01
"Matthews, North Carolina",4.911242604
"McAllen, Texas",29.20710059
"McKinney, Texas",30.56213018
"McLean, Virginia",10.24852071
"McMinnville, Oregon",8.106508876
"Mechanicsville, Virginia",3.73964497
"Medford, Massachusetts",3.970414201
"Medford, Oregon",37.46153846
"Melbourne, Florida",19.15384615
"Memphis, Tennessee",31.90532544
"Menifee, California",2.390532544
"Menlo Park, California",3.029585799
"Menomonee Falls, Wisconsin",2.366863905
"Mentor, Ohio",29.0887574
"Merced, California",9.183431953
"Meriden, Connecticut",6
"Meridian, Idaho",33.35502959
"Meridian, Mississippi",8.130177515
"Merrillville, Indiana",11.91715976
"Merritt Island, Florida",4.98816568
"Mesa, Arizona",48.0295858
"Mesquite, Texas",19.42011834
"Metairie, Louisiana",9.24260355
"Methuen, Massachusetts",0.467455621
"Metropolitan Government, Tennessee",0.01
"Miami Beach, Florida",7.059171598
"Miami Lakes, Florida",0.875739645
"Miami, Florida",48.39053254
"Michigan City, Indiana",18.78698225
"Middleburg-Clay Hill, Florida",0.01
"Middletown, Connecticut",5.792899408
"Middletown, Ohio",29.47928994
"Midland, Michigan",19.52071006
"Midland, Texas",33.14792899
"Midvale, Utah",7.680473373
"Midwest City, Oklahoma",10.64497041
"Milford, Connecticut",6.597633136
"Millcreek, Utah",3.568047337
"Milpitas, California",2.384615385
"Milton, Georgia",1.443786982
"Milwaukee, Wisconsin",29.4556213
"Mingus Mountain, Arizona",0.01
"Minneapolis, Minnesota",23.42011834
"Minnetonka, Minnesota",7.50887574
"Minot, North Dakota",7.852071006
"Miramar, Florida",18.93491124
"Mishawaka, Indiana",16.59171598
"Mission Bend, Texas",0.01
"Mission Viejo, California",3.071005917
"Mission, Texas",13.85207101
"Missoula, Montana",11.95266272
"Missouri City, Texas",8.426035503
"Mobile, Alabama",33.43195266
"Modesto, California",17.84023669
"Moline, Illinois",7.177514793
"Monroe, Louisiana",13.43786982
"Monroe, North Carolina",4.840236686
"Monrovia, California",3.183431953
"Montclair, California",6.224852071
"Montclair, New Jersey",10.16568047
"Montebello, California",7.355029586
"Monterey Park, California",6.112426036
"Montgomery Village, Maryland",2.094674556
"Montgomery, Alabama",33.98816568
"Moore, Oklahoma",7.633136095
"Mooresville, North Carolina",6.189349112
"Moorhead, Minnesota",1.692307692
"Moorpark, California",1.887573964
"Moreno Valley, California",11.55621302
"Morgan Hill, California",4.846153846
"Morgantown, West Virginia",11.06508876
"Mount Lebanon, Pennsylvania",0.01
"Mount Pleasant, New York",0.343195266
"Mount Pleasant, South Carolina",6.24260355
"Mount Prospect, Illinois",3.562130178
"Mount Vernon, New York",3.662721893
"Mount Vernon, Washington",7.153846154
"Mountain View, California",13.60946746
"Muncie, Indiana",22.85207101
"Mundelein, Illinois",4.431952663
"Murfreesboro, Tennessee",16.66272189
"Murray, Utah",12.15384615
"Murrieta, California",9.674556213
"Muskegon, Michigan",10.14201183
"Muskogee, Oklahoma",4.455621302
"Nacogdoches, Texas",8.485207101
"Nampa, Idaho",24.75739645
"Napa, California",11.30177515
"Naperville, Illinois",17.03550296
"Nashua, New Hampshire",8.538461538
"Nashville-Davidson, Tennessee",0.01
"Natick, Massachusetts",3.201183432
"National City, California",3.26035503
"Naugatuck, Connecticut",2.402366864
"Navarre, Florida",7.272189349
"New Albany, Indiana",15.37278107
"New Bedford, Massachusetts",7.165680473
"New Berlin, Wisconsin",4.840236686
"New Bern, North Carolina",1.810650888
"New Braunfels, Texas",6.065088757
"New Britain, Connecticut",1.775147929
"New Brunswick, New Jersey",5.786982249
"New City, New York",46.25443787
"New Haven, Connecticut",1.668639053
"New Iberia, Louisiana",0.414201183
"New Orleans, Louisiana",4.295857988
"New Rochelle, New York",0.692307692
"New York, New York",55.5739645
"Newark, California",6.118343195
"Newark, Delaware",29.21893491
"Newark, New Jersey",23.62130178
"Newark, Ohio",24.5147929
"Newhall, California",1.183431953
"Newington, Connecticut",3.597633136
"Newnan, Georgia",16.52071006
"Newport Beach, California",18.41420118
"Newport News, Virginia",21.75739645
"Newton, Massachusetts",7.857988166
"Niagara Falls, New York",6.337278107
"Niles, Illinois",4.053254438
"Noblesville, Indiana",9.272189349
"Norfolk, Virginia",34.5147929
"Normal, Illinois",5.153846154
"Norman, Oklahoma",22.0591716
"Norristown, Pennsylvania",2.550295858
"North Antelope Valley, California",0.01
"North Atlanta, Georgia",6.74556213
"North Aurora, Colorado",1.307692308
"North Bethesda, Maryland",2.088757396
"North Brunswick Township, New Jersey",0.01
"North Charleston, South Carolina",9.923076923
"North Chicago, Illinois",45.30177515
"North Cleveland, Oklahoma",0.01
"North Coast, California",0.01
"North Davis, Utah",0.01
"North El Dorado, California",0.01
"North Fort Myers, Florida",6.25443787
"North Hempstead, New York",0.01
"North Highlands, California",0.721893491
"North Kona, Hawaii",0.01
"North Las Vegas, Nevada",14.4852071
"North Lauderdale, Florida",2.698224852
"North Little Rock, Arkansas",9.076923077
"North Miami Beach, Florida",5.597633136
"North Miami, Florida",10.24852071
"North Olmsted, Ohio",7.98816568
"North Peninsula, Florida",0.01
"North Pinal, Arizona",0.01
"North Port, Florida",13.86982249
"North Providence, Rhode Island",6.00591716
"North Richland Hills, Texas",12.37869822
"North Ridgeville, Ohio",13.38461538
"North Royalton, Ohio",11.27810651
"North Tonawanda, New York",3.840236686
"North Valleys, Nevada",0.01
"North Westside, Florida",0.01
"North Whidbey, Washington",0.01
"Northbrook, Illinois",16.05325444
"Northeast Tarrant, Texas",0.01
"Northglenn, Colorado",15.11242604
"Northwest Clackamas, Oregon",0.01
"Northwest Dade, Florida",0.01
"Northwest Harris, Texas",0.01
"Northwest Rockwall, Texas",0.01
"Northwest Umatilla, Oregon",0.01
"Norwalk, California",8.24260355
"Norwalk, Connecticut",18.23668639
"Norwich, Connecticut",4.071005917
"Novato, California",5.337278107
"Novi, Michigan",16.73964497
"O'Fallon, Missouri",0.01
"Oak Creek, Wisconsin",4.130177515
"Oak Lawn, Illinois",5.266272189
"Oak Park, Illinois",5.136094675
"Oakhurst-North Fork, California",0.01
"Oakland Park, Florida",2.75147929
"Oakland, California",26.68047337
"Oakley, California",1.579881657
"Oakton, Virginia",1.597633136
"Oakville, Missouri",0.01
"Ocala, Florida",36.24852071
"Oceanside, California",12.46153846
"Oceanside, New York",2.106508876
"Ocoee, Florida",5.49112426
"Odenton, Maryland",2.976331361
"Odessa, Texas",24.5443787
"Ogden, Utah",37.13609467
"Oildale, California",0.431952663
"Oklahoma City, Oklahoma",52.08284024
"Olathe, Kansas",1.952662722
"Olive Branch, Mississippi",0.24260355
"Olney, Maryland",0.295857988
"Olympia, Washington",1.236686391
"Omaha, Nebraska",42.52662722
"Ontario, California",16.26035503
"Orange, California",12.04733728
"Orange, New Jersey",7.585798817
"Orangetown, New York",0.01
"Orangevale, California",0.147928994
"Oregon City, Oregon",20.44970414
"Orem, Utah",4.816568047
"Orland Park, Illinois",1.50887574
"Orlando, Florida",49.62721893
"Ormond Beach, Florida",8.905325444
"Oro Valley, Arizona",2.100591716
"Oshkosh, Wisconsin",6.041420118
"Oswego, Illinois",3.662721893
"Overland Park, Kansas",39.66272189
"Oviedo, Florida",9.213017751
"Owasso, Oklahoma",3.136094675
"Owensboro, Kentucky",6.905325444
"Owings Mills, Maryland",6.467455621
"Oxnard, California",18.29585799
"Oxon Hill-Glassmanor, Maryland",0.01
"Pacifica, California",3.946745562
"Pahrump, Nevada",7.562130178
"Palatine, Illinois",10.76331361
"Palm Bay, Florida",14.08284024
"Palm Beach Gardens, Florida",8.088757396
"Palm Coast, Florida",11.68047337
"Palm Desert, California",7.00591716
"Palm Harbor, Florida",9.887573964
"Palm Springs, California",9.958579882
"Palmdale, California",10.26035503
"Palo Alto, California",13.61538462
"Palos Verdes, California",2.360946746
"Panama City, Florida",22.5147929
"Paradise, Nevada",2.153846154
"Paramount, California",6.349112426
"Park Ridge, Illinois",5.75739645
"Parker, Colorado",24.9704142
"Parkersburg, West Virginia",5.775147929
"Parkland, Washington",1.153846154
"Parkville, Maryland",3.639053254
"Parkway-South Sacramento, California",0.01
"Parma, Ohio",20.84023669
"Pasadena, California",27.20118343
"Pasadena, Texas",24.59171598
"Pasco, Washington",16.23668639
"Paso Robles, California",10.79881657
"Passaic, New Jersey",9.023668639
"Paterson, New Jersey",17.25443787
"Pawtucket, Rhode Island",13.65088757
"Peabody, Massachusetts",3.538461538
"Peachtree City, Georgia",3.591715976
"Pearl City, Hawaii",2.384615385
"Pearland, Texas",15.0295858
"Pekin, Illinois",3.390532544
"Pembroke Pines, Florida",21.75147929
"Pendleton, California",0.01
"Penfield, New York",1.295857988
"Penn Hills, Pennsylvania",0.01
"Pennsauken, New Jersey",3.431952663
"Pensacola, Florida",27.1183432
"Peoria, Arizona",8.75147929
"Peoria, Illinois",13.84023669
"Perinton, New York",0.01
"Perris Valley, California",0.01
"Perris, California",7.307692308
"Perth Amboy, New Jersey",3.461538462
"Petaluma, California",6.088757396
"Petersburg, Virginia",5.869822485
"Pflugerville, Texas",8.201183432
"Pharr, Texas",1.99408284
"Phenix City, Alabama",1.301775148
"Philadelphia, Pennsylvania",13.35502959
"Phoenix, Arizona",49.17159763
"Pico Rivera, California",0.73964497
"Piedmont, Delaware",0.01
"Pike Creek-Central Kirkwood, Delaware",0.01
"Pikesville, Maryland",6.402366864
"Pine Bluff, Arkansas",20.43195266
"Pine Hills, Florida",0.01
"Pinellas Park, Florida",5.940828402
"Pittsburg, California",5.98816568
"Pittsburgh, Pennsylvania",33.23076923
"Pittsfield, Massachusetts",4.118343195
"Placentia, California",4.50295858
"Plainfield, Illinois",3.568047337
"Plainfield, Indiana",7.01183432
"Plainfield, New Jersey",3.426035503
"Plano, Texas",34.06508876
"Plant City, Florida",5.952662722
"Plantation, Florida",19.21893491
"Pleasant Grove, Utah",7.73964497
"Pleasant Hill, California",3.662721893
"Pleasanton, California",11.52662722
"Plymouth, Minnesota",5.467455621
"Pocatello, Idaho",19.13017751
"Poinciana, Florida",3.928994083
"Pomona, California",14.12426036
"Pompano Beach, Florida",25.0887574
"Ponte Vedra, Florida",2.047337278
"Pontiac, Michigan",9.733727811
"Pontiac, South Carolina",0.01
"Pooler-Burroughs, Georgia",0.01
"Port Arthur, Texas",10.27810651
"Port Charlotte, Florida",13.95266272
"Port Orange, Florida",8.207100592
"Port St. Lucie, Florida",9.946745562
"Portage, Indiana",9.727810651
"Portage, Michigan",7.822485207
"Porterville, California",2.846153846
"Portland, Maine",21.82840237
"Portland, Oregon",49.93491124
"Portsmouth, Virginia",2.094674556
"Potomac, Maryland",2.786982249
"Poughkeepsie, New York",1.343195266
"Poway, California",8.532544379
"Prattville, Alabama",11.23668639
"Prescott Valley, Arizona",7.082840237
"Prescott, Arizona",24.08284024
"Princeton, New Jersey",19.85207101
"Providence, Rhode Island",22.46745562
"Provo, Utah",17.76331361
"Pueblo, Colorado",15.68639053
"Pullman, Washington",2.958579882
"Puyallup, Washington",5.207100592
"Queen Creek, Arizona",7.272189349
"Queens, New York",32.81656805
"Quincy, Illinois",11.46153846
"Quincy, Massachusetts",7.887573964
"Racine, Wisconsin",20.76923077
"Radnor Township, Pennsylvania",0.01
"Raleigh, North Carolina",37.18343195
"Ramapo, New York",0.159763314
"Rancho Cordova, California",2.857988166
"Rancho Cucamonga, California",6.875739645
"Rancho Palos Verdes, California",3.035502959
"Rancho Santa Margarita, California",4.609467456
"Randallstown, Maryland",2.437869822
"Randolph, Massachusetts",1.278106509
"Rapid City, South Dakota",15.47928994
"Reading, Pennsylvania",13.21893491
"Redan, Georgia",0.01
"Redding, California",18.93491124
"Redford, Michigan",4.301775148
"Redlands, California",14.30769231
"Redmond, Washington",6.337278107
"Redondo Beach, California",4.289940828
"Redwood City, California",6.319526627
"Reno, Nevada",34.1183432
"Renton, Washington",7.218934911
"Reston, Virginia",13.09467456
"Revere, Massachusetts",5.710059172
"Reynoldsburg, Ohio",16.6035503
"Rialto, California",8.408284024
"Richardson, Texas",31.38461538
"Richfield, Minnesota",2.579881657
"Richland, Washington",9.603550296
"Richmond West, Florida",0.01
"Richmond, California",17.85798817
"Richmond, Indiana",23.0295858
"Richmond, Kentucky",3.869822485
"Richmond, Virginia",41.59763314
"Rio Rancho, New Mexico",2.396449704
"Riverside, California",18.74556213
"Riverton, Utah",3.284023669
"Riverview, Florida",15.87573964
"Riviera Beach, Florida",4.976331361
"Roanoke, Virginia",32.07100592
"Rochester Hills, Michigan",9.869822485
"Rochester, Minnesota",26.17159763
"Rochester, New York",31.39053254
"Rock Hill, South Carolina",8.319526627
"Rock Island, Illinois",4.538461538
"Rockford, Illinois",26.05325444
"Rocklin, California",4.236686391
"Rockville, Maryland",29.49704142
"Rockwall, Texas",13.5443787
"Rocky Mount, North Carolina",6.852071006
"Rogers, Arkansas",16.95857988
"Rohnert Park, California",3.834319527
"Rome, Georgia",11.46745562
"Rome, New York",5.071005917
"Romeoville, Illinois",2.834319527
"Rosemead, California",4
"Rosenberg, Texas",8.692307692
"Roseville, California",12.44970414
"Roseville, Michigan",6.053254438
"Roseville, Minnesota",4.467455621
"Ross Township, Pennsylvania",0.065088757
"Ross Valley, California",0.01
"Roswell, Georgia",16.77514793
"Roswell, New Mexico",9.928994083
"Round Rock, Texas",32.43786982
"Rowland Heights, California",3.420118343
"Rowlett, Texas",9.343195266
"Roy, Utah",15.97633136
"Royal Oak, Michigan",20.26035503
"Royal Palm Beach, Florida",10.20118343
"Royal Palm Beach-West Jupiter, Florida",0.01
"Rubidoux, California",0.01
"Sacramento, California",33.79289941
"Saginaw, Michigan",9.124260355
"Salem, Massachusetts",7.165680473
"Salem, Oregon",43.95857988
"Salina, Kansas",5.905325444
"Salina, New York",0.035502959
"Salinas, California",12.12426036
"Salisbury, Maryland",3.50295858
"Salisbury, North Carolina",2.195266272
"Salt Lake City, Utah",45.66863905
"San Tan Valley, Arizona",2.875739645
"Sandy Springs, Georgia",5.982248521
"Sandy, Utah",19.05325444
"Sanford, Florida",13.4260355
"Santa Ana, California",23.91715976
"Santa Barbara, California",7.485207101
"Santa Clara, California",8.195266272
"Santa Clarita, California",5.609467456
"Santa Cruz, California",6.715976331
"Santa Fe, New Mexico",21.26035503
"Santa Maria Valley, California",0.01
"Santa Maria, California",5.467455621
"Santa Monica, California",12.3964497
"Santa Paula, California",1.917159763
"Santa Rosa, California",14.73372781
"Santee, California",2.088757396
"Sarasota, Florida",33.85207101
"Saratoga, California",2.455621302
"Savannah, Georgia",30.59763314
"Sayreville, New Jersey",1.360946746
"Schaumburg, Illinois",8.846153846
"Schenectady, New York",4.130177515
"Schertz, Texas",3.846153846
"Scottsdale, Arizona",34.85798817
"Scranton, Pennsylvania",3.99408284
"Seaside, California",1.041420118
"Seattle Hill-Silver Firs, Washington",0.01
"Seattle, Washington",32.43786982
"Security-Widefield, Colorado",0.01
"Severn, Maryland",0.798816568
"Severna Park, Maryland",3.668639053
"Shakopee, Minnesota",6.934911243
"Shawnee, Kansas",22.33727811
"Shawnee, Oklahoma",12.35502959
"Sheboygan, Wisconsin",10.85798817
"Shelby, Michigan",3.343195266
"Shelton, Connecticut",7.165680473
"Sherman, Texas",23.66863905
"Sherwood, Arkansas",7.319526627
"Shoreline, Washington",5.899408284
"Shreveport, Louisiana",9.378698225
"Shrewsbury, Massachusetts",1.295857988
"Sierra Vista, Arizona",2.49704142
"Silver Spring, Maryland",13.44970414
"Simi Valley, California",3.343195266
"Sioux City, Iowa",11.69230769
"Sioux Falls, South Dakota",10.33136095
"Sisters-Millican, Oregon",0.01
"Skokie, Illinois",4.076923077
"Smyrna, Georgia",5.017751479
"Smyrna, Tennessee",15.6035503
"Snoqualmie Valley, Washington",0.01
"Socorro, Texas",4.479289941
"Somerset West-Rock Creek, Oregon",0.01
"Somerville, Massachusetts",14.34319527
"South Antelope Valley, California",0.01
"South Aurora, Colorado",3.692307692
"South Bay Cities, California",0.01
"South Bend, Indiana",33.85207101
"South Coast, California",0.01
"South Davis, Utah",0.01
"South El Dorado, California",0.01
"South Gate, California",12.90532544
"South Hill, Washington",0.01
"South Jordan, Utah",18.59171598
"South Kingstown, Rhode Island",0.01
"South Miami Heights, Florida",0.01
"South San Francisco, California",18.61538462
"South Valley, New Mexico",0.01
"South Westside, Florida",0.01
"South Whittier, California",0.01
"Southaven, Mississippi",13.68047337
"Southeast Harris, Texas",0.01
"Southeast Hidalgo, Texas",0.01
"Southeast Marin, California",0.01
"Southeast Montgomery, Texas",0.01
"Southfield, Michigan",16.84023669
"Southglenn, Colorado",0.01
"Southington, Connecticut",3.183431953
"Southwest Arapahoe, Colorado",0.01
"Southwest Orange, Florida",0.01
"Southwest San Gabriel Valley, California",0.01
"Spanish Fork, Utah",5.662721893
"Sparks, Nevada",11.5443787
"Spartanburg, South Carolina",6.869822485
"Spokane Valley, Washington",3.763313609
"Spokane, Washington",27.94674556
"Spring Hill, Florida",13.17751479
"Spring Hill, Tennessee",2.532544379
"Spring Valley, Nevada",0.01
"Spring Valley, New York",2.177514793
"Spring, Texas",39.02366864
"Springdale, Arkansas",11.26035503
"Springfield, Illinois",27.10650888
"Springfield, Massachusetts",12.28994083
"Springfield, Missouri",33.40828402
"Springfield, Ohio",37
"Springfield, Oregon",18.41420118
"Springfield, Virginia",9.905325444
"Springville, Utah",5.633136095
"St. Charles, Illinois",10.24852071
"St. Charles, Maryland",0.01
"St. Charles, Missouri",7.337278107
"St. Clair Shores, Michigan",4.035502959
"St. Cloud, Florida",5.656804734
"St. Cloud, Minnesota",3.437869822
"St. George, Utah",24.20710059
"St. Joseph, Missouri",3.313609467
"St. Louis Park, Minnesota",1.136094675
"St. Louis, Missouri",42.55621302
"St. Paul, Minnesota",14.59763314
"St. Peters, Missouri",3.289940828
"St. Petersburg, Florida",27.65680473
"Stamford, Connecticut",18.5739645
"Stanton, California",3.124260355
"State College, Pennsylvania",5.514792899
"Staten Island, New York",23.56804734
"Statesboro, Georgia",9.550295858
"Sterling Heights, Michigan",16.07100592
"Stillwater, Oklahoma",13.37869822
"Stockton, California",20.75739645
"Stow, Ohio",8.940828402
"Stratford, Connecticut",2.431952663
"Streamwood, Illinois",1.792899408
"Strongsville, Ohio",9.420118343
"Suffolk, Virginia",17.13017751
"Sugar Land, Texas",30.15976331
"Suitland-Silver Hill, Maryland",0.01
"Summerville, South Carolina",12.93491124
"Sumter, South Carolina",8.183431953
"Sun City, Arizona",7.964497041
"Sun Prairie, Wisconsin",4.763313609
"Sunnyvale, California",20.25443787
"Sunrise Manor, Nevada",0.01
"Sunrise, Florida",20.16568047
"Sunshine Parkway, Florida",0.01
"Surprise, Arizona",7.573964497
"Syracuse, New York",13.92307692
"Tacoma, Washington",18.16568047
"Tahoma-Maple Valley, Washington",0.01
"Tallahassee, Florida",11.69822485
"Tamarac, Florida",1.449704142
"Tamiami, Florida",0.01
"Tampa, Florida",47.20118343
"Tanner-Williams, Alabama",0.01
"Taunton, Massachusetts",5.360946746
"Taylor, Michigan",15.86390533
"Taylorsville, Utah",9.73964497
"Teaneck, New Jersey",5.840236686
"Temecula, California",20.4556213
"Tempe, Arizona",29.39053254
"Temple City, California",0.911242604
"Temple, Texas",17.32544379
"Terre Haute, Indiana",15.33136095
"Texarkana, Arkansas",4
"The Villages, Florida",6.041420118
"The Woodlands, Texas",4.639053254
"Thornton, Colorado",3.130177515
"Thousand Oaks, California",1.875739645
"Tigard, Oregon",3.035502959
"Tinley Park, Illinois",1.976331361
"Titusville, Florida",4.035502959
"Toledo, Ohio",38.68639053
"Toms River, New Jersey",3.514792899
"Tooele, Utah",2.98816568
"Topeka, Kansas",19.81656805
"Torrance, California",9.562130178
"Torrington, Connecticut",1.094674556
"Town 'n' Country, Florida",0.01
"Towson, Maryland",3.98816568
"Trabuco, California",0.01
"Tracy, California",10.4852071
"Trenton, New Jersey",15.15384615
"Tri-Cities, Alabama",0.01
"Troy, Michigan",28.9704142
"Troy, New York",2.828402367
"Trumbull, Connecticut",1.023668639
"Tuckahoe, Virginia",0.01
"Tucson, Arizona",33.87573964
"Tulare, California",2.224852071
"Tulsa, Oklahoma",46.52071006
"Tupelo, Mississippi",5.550295858
"Turlock, California",4.952662722
"Tuscaloosa, Alabama",17.26627219
"Tustin, California",6.272189349
"Twin Falls, Idaho",14.37869822
"Tyler, Texas",39.68639053
"Union City, California",3.201183432
"Union City, New Jersey",3.118343195
"Union, New Jersey",4.514792899
"Union, New York",3.437869822
"University City, Missouri",3.520710059
"University Place, Washington",2.230769231
"University, Florida",8.236686391
"Upland, California",6.798816568
"Upper Arlington, Ohio",6.556213018
"Upper San Gabriel Valley, California",0.01
"Urban Honolulu, Hawaii",0.01
"Urbana, Illinois",10.84023669
"Urbandale, Iowa",14.49704142
"Utica, New York",6.230769231
"Vacaville, California",5.396449704
"Valdosta, Georgia",9.088757396
"Vallejo, California",9.485207101
"Valley Stream, New York",3.307692308
"Valparaiso, Indiana",11.47928994
"Valrico, Florida",5.331360947
"Vancouver, Washington",29.81065089
"Ventura, California",8.875739645
"Verde, Arizona",3
"Vestavia Hills, Alabama",0.195266272
"Victoria, Texas",1.875739645
"Victorville, California",0.875739645
"Vineland, New Jersey",0.337278107
"Virginia Beach, Virginia",51.99408284
"Visalia, California",3.278106509
"Vista, California",9.289940828
"Waco, Texas",23.23076923
"Waipahu, Hawaii",1.881656805
"Wake Forest, North Carolina",1.130177515
"Waldorf, Maryland",11.60946746
"Walla Walla, Washington",4.881656805
"Wallingford, Connecticut",4.869822485
"Walnut Creek, California",12.20710059
"Walnut, California",4.26035503
"Waltham, Massachusetts",7.710059172
"Warner Robins, Georgia",7.272189349
"Warren, Michigan",16.5443787
"Warren, Ohio",24.78698225
"Warwick, Rhode Island",10.50295858
"Waterbury, Connecticut",11.66272189
"Waterford, Michigan",7.964497041
"Waterloo, Iowa",33.27810651
"Watertown, Massachusetts",3.863905325
"Watsonville, California",8.053254438
"Waukegan, Illinois",10.37869822
"Waukesha, Wisconsin",9.550295858
"Wausau, Wisconsin",7.071005917
"Wauwatosa, Wisconsin",5.26035503
"Waxahachie, Texas",8.674556213
"Wayne, New Jersey",17.06508876
"Wellington, Florida",21.89940828
"Wenatchee, Washington",16.59171598
"Wentzville, Missouri",9.431952663
"Weslaco, Texas",22
"Westfield, Indiana",11.72781065
"Westfield, Massachusetts",4.437869822
"Westfield, New Jersey",4.73964497
"Westlake, Ohio",23.69822485
"Westland, Michigan",12.93491124
"Westminster, California",6.485207101
"Westminster, Colorado",20.35502959
"Westmont, California",0.01
"Weston, Florida",17.10650888
"Westside, California",0.01
"Weymouth Town, Massachusetts",0.01
"Weymouth, Massachusetts",6.585798817
"Wheat Ridge, Colorado",12.98816568
"Wheaton, Illinois",15.82248521
"Wheaton, Maryland",5.449704142
"Wheaton-Glenmont, Maryland",0.01
"Wheeling, Illinois",6.75147929
"White Plains, New York",18.40236686
"Whitney, Nevada",0.01
"Whittier, California",16.80473373
"Wichita Falls, Texas",13.36686391
"Wichita, Kansas",38.84023669
"Wildomar, California",1.029585799
"Wildwood, Missouri",1.479289941
"Wilkes-Barre, Pennsylvania",3.230769231
"Willowbrook, California",0.195266272
"Wilmington, Delaware",36.77514793
"Wilmington, North Carolina",14.58579882
"Wilson, North Carolina",3.224852071
"Wimauma-Lithia, Florida",0.01
"Winston-Salem, North Carolina",9.313609467
"Winter Garden, Florida",9.301775148
"Winter Haven, Florida",17.97633136
"Winter Springs, Florida",4.798816568
"Woburn, Massachusetts",3.905325444
"Woodbury, Minnesota",9.946745562
"Woodland, California",13.31952663
"Woodlawn, Maryland",0.01
"Woodridge, Illinois",7.917159763
"Woonsocket, Rhode Island",6.976331361
"Worcester, Massachusetts",12.28402367
"Wylie, Texas",6.710059172
"Wyoming, Michigan",5.479289941
"Yakima, Washington",10.37278107
"Yonkers, New York",8.650887574
"Yorba Linda, California",2.147928994
"York, Pennsylvania",12.6035503
"Yorktown, New York",0.01
"Youngstown, Ohio",27.35502959
"Yuba City, California",3.556213018
"Yucaipa, California",3.946745562
"Yuma, Arizona",22.68047337
"Sammamish, Washington",0.585798817
"San Angelo, Texas",4.136094675
"San Antonio, Texas",51.9112426
"San Bernardino, California",3.846153846
"San Bruno, California",0.887573964
"San Buenaventura (Ventura), California",0.01
"San Clemente, California",1.485207101
"San Diego, California",32.41420118
"San Dimas, California",0.74556213
"San Francisco, California",32.18934911
"San Gabriel, California",2.059171598
"San Gorgonio Pass, California",0.01
"San Jacinto, California",0.99408284
"San Jose, California",27.96449704
"San Juan Capistrano, California",1.071005917
"San Juan, Texas",5.621301775
"San Leandro, California",8.130177515
"San Luis Obispo, California",9.781065089
"San Luis, Arizona",3.49112426
"San Marcos, California",9.035502959
"San Marcos, Texas",24.62721893
"San Mateo, California",13.47928994
"San Pablo, California",4.059171598
"San Rafael, California",10.21893491
"San Ramon, California",8.674556213
"Texarkana, Texas",4.213017751
"Texas City, Texas",47.55029586
"The Acreage, Florida",0.01
"The Colony, Texas",2.763313609
"The Hammocks, Florida",0.01
"Wesley Chapel, Florida",8.319526627
"West Adams, Colorado",0.01
"West Allis, Wisconsin",4.763313609
"West Babylon, New York",1.964497041
"West Bend, Wisconsin",5.455621302
"West Bexar, Texas",0.01
"West Bloomfield Township, Michigan",4.065088757
"West Contra Costa, California",0.01
"West Covina, California",11.16568047
"West Des Moines, Iowa",26.79289941
"West Dougherty, Georgia",0.01
"West Fargo, North Dakota",2.035502959
"West Hartford, Connecticut",6.26035503
"West Haven, Connecticut",6.165680473
"West Hollywood, California",9.857988166
"West Jordan, Utah",17.15976331
"West Lafayette, Indiana",13.67455621
"West Little River, Florida",0.01
"West New York, New Jersey",11.39053254
"West Orange, New Jersey",5.911242604
"West Palm Beach, Florida",29.65088757
"West Sacramento, California",2.165680473
"West Seneca, New York",1.236686391
"West Valley City, Utah",11.30769231
"Westerville, Ohio",22.30769231
"Northeast Harris, Texas",0.01
"Northeast Jefferson, Colorado",0.01
"Northeast Leon, Florida",0.01
"Northeast Marin, California",0.01
"Northeast Cobb, Georgia",0.01
